"","type","name","description"
"1","防具","白色楓葉頭帶",""
"2","防具","紙製頭盔",""
"3","防具","黃髮帶",""
"4","防具","黑髮帶",""
"5","防具","藍髮帶",""
"6","防具","綠髮帶",""
"7","防具","紅髮帶",""
"8","防具","褐色皮帽",""
"9","防具","紅色皮帽",""
"10","防具","綠色皮帽",""
"11","防具","黑游泳帽",""
"12","防具","藍游泳帽",""
"13","防具","紅游泳帽",""
"14","防具","白頭巾",""
"15","防具","黑頭巾",""
"16","防具","紅頭巾",""
"17","防具","藍頭巾",""
"18","防具","黃頭巾",""
"19","防具","綠頭巾",""
"20","防具","紫頭巾",""
"21","防具","灰頭巾",""
"22","防具","粉紅頭巾",""
"23","防具","金屬頭箍",""
"24","防具","黃色金屬頭箍",""
"25","防具","藍色金屬頭箍",""
"26","防具","狗皮帽",""
"27","防具","黃色棒球帽",""
"28","防具","黑色棒球帽",""
"29","防具","褐色棒球帽",""
"30","防具","藍色棒球帽",""
"31","防具","紅色棒球帽",""
"32","防具","黃星頭巾",""
"33","防具","藍星頭巾",""
"34","防具","紅星頭巾",""
"35","防具","褐色斗笠",""
"36","防具","綠色斗笠",""
"37","防具","藍色斗笠",""
"38","防具","緞帶肥肥髮圈",""
"39","防具","四季帽(秋)",""
"40","防具","玩具匠人帽",""
"41","防具","殘暴炎魔頭盔",""
"42","防具","武藝領帶繩索",""
"43","防具","海盜王帽子",""
"44","防具","鬼怪帽子",""
"45","防具","真?楓葉頭盔",""
"46","防具","海盜王帽子",""
"47","防具","海盜王帽子",""
"48","防具","海盜王帽子",""
"49","防具","白色無袖短T",""
"50","防具","紅線無袖衫",""
"51","防具","黃色短T",""
"52","防具","綠色短T",""
"53","防具","白色背心",""
"54","防具","灰棉T恤",""
"55","防具","白棉T恤",""
"56","防具","黃紅短T",""
"57","防具","星形短T",""
"58","防具","橙色運動T恤",""
"59","防具","青色運動T恤",""
"60","防具","藍超短裙",""
"61","防具","紅超短裙",""
"62","防具","藍牛仔短褲",""
"63","防具","黃牛仔短褲",""
"64","防具","藍馬褲",""
"65","防具","灰色橡膠褲",""
"66","防具","破舊的牛仔褲",""
"67","防具","藍牛仔褲",""
"68","防具","密林部隊褲",""
"69","防具","女生浴袍",""
"70","防具","男生浴袍",""
"71","防具","女生桑那服",""
"72","防具","男生桑那服","桑拿室穿時HP,MP以1,5倍回復"
"73","防具","白色工地手套",""
"74","防具","紫色工作手套",""
"75","防具","灰色工作手套",""
"76","防具","褐色工作手套",""
"77","防具","黃色工作手套",""
"78","防具","紅色工作手套",""
"79","防具","藍色工作手套",""
"80","防具","紅擊中手套",""
"81","防具","藍擊中手套",""
"82","防具","紫擊中手套",""
"83","防具","粉擊中手套",""
"84","防具","黃擊中手套",""
"85","防具","黃橡膠長靴",""
"86","防具","藍橡膠長靴",""
"87","防具","紅橡膠長靴",""
"88","防具","皮製涼鞋",""
"89","防具","黑橡膠鞋",""
"90","防具","白橡膠鞋",""
"91","防具","髒橡膠鞋",""
"92","防具","褐短鞋",""
"93","防具","黃短鞋",""
"94","防具","綠短鞋",""
"95","防具","藍多羅鞋",""
"96","防具","紅多羅鞋",""
"97","防具","褐多羅鞋",""
"98","防具","銀色桃樂斯皮鞋",""
"99","防具","藍皮鞋",""
"100","防具","紅皮鞋",""
"101","防具","朱紅皮鞋",""
"102","防具","粉紅皮鞋",""
"103","防具","娜娜的拖鞋",""
"104","防具","藍帆布鞋",""
"105","防具","紅帆布鞋",""
"106","防具","黃色釘鞋",""
"107","防具","紫色釘鞋",""
"108","防具","木盾",""
"109","防具","鍋蓋",""
"110","防具","楓葉盾",""
"111","防具","調色盤",""
"112","防具","楓葉盾牌",""
"113","防具","紅色麋鹿鼻",""
"114","防具","皮諾丘的鼻子",""
"115","防具","狗鼻",""
"116","防具","狸貓眼部裝飾",""
"117","防具","狐猴眼部裝飾",""
"118","防具","貓頭鷹",""
"119","防具","單邊銀色耳環",""
"120","防具","紫水晶耳環",""
"121","防具","方形耳環",""
"122","防具","錘珠耳環",""
"123","防具","紅十字耳環",""
"124","防具","金耳環",""
"125","防具","綠葉耳環",""
"126","防具","枯葉耳環",""
"127","防具","祖母綠耳環",""
"128","防具","來電耳環",""
"129","防具","星星耳環",""
"130","防具","貓眼耳環",""
"131","防具","藍寶石耳環",""
"132","防具","藍月耳環",""
"133","防具","黑月耳環",""
"134","防具","紫荊花耳環",""
"135","防具","骷髏耳環",""
"136","防具","愛心耳環",""
"137","防具","祖母黑耳環",""
"138","防具","水仙耳環",""
"139","防具","聖十字耳環",""
"140","防具","梅花耳環",""
"141","防具","黃金耳環",""
"142","防具","銀製耳環",""
"143","防具","真?楓葉耳環",""
"144","防具","紅色時髦耳環",""
"145","防具","金屬心型耳環",""
"146","防具","金祖母綠耳環",""
"147","防具","草莓耳環",""
"148","防具","玫瑰耳環",""
"149","防具","神劍耳環",""
"150","防具","神盾耳環",""
"151","防具","情比金堅項鍊",""
"152","防具","電吉他項鍊",""
"153","防具","綠色蝶形領結",""
"154","防具","黃色蝶形領結",""
"155","防具","休菲凱曼的項鍊",""
"156","防具","粉紅蝶形領結",""
"157","防具","藍色蝶形領結",""
"158","防具","黑色蝶形領結",""
"159","防具","紅色蝶形領結",""
"160","防具","龍王項鍊",""
"161","防具","破舊的披風",""
"162","防具","破舊的紅披風",""
"163","防具","破舊的藍披風",""
"164","防具","破舊的黃披風",""
"165","防具","破舊的黑披風",""
"166","防具","破舊的綠披風",""
"167","防具","氧氣桶",""
"168","防具","溫暖披風",""
"169","防具","伊卡路斯披風",""
"170","防具","綠色冒險披風",""
"171","防具","藍色冒險披風",""
"172","防具","紅色冒險披風",""
"173","防具","白色冒險披風",""
"174","防具","黑色冒險披風",""
"175","防具","黃色冒險披風",""
"176","防具","粉紅色冒險披風",""
"177","防具","褐色冒險披風",""
"178","防具","紫色冒險披風",""
"179","防具","藍色守護披風",""
"180","防具","白色守護披風",""
"181","防具","黑色守護披風",""
"182","防具","紅色守護披風",""
"183","防具","藍色魔法披風",""
"184","防具","紅色魔法披風",""
"185","防具","白色魔法披風",""
"186","防具","黑色魔法披風",""
"187","防具","藍鬥士披風",""
"188","防具","紅鬥士披風",""
"189","防具","白鬥士披風",""
"190","防具","黑鬥士披風",""
"191","防具","鬼怪披風",""
"192","防具","粉紅蓋亞披風",""
"193","防具","黃蓋亞披風",""
"194","防具","紫蓋亞披風",""
"195","防具","真?楓葉披風",""
"196","防具","白妖精披風",""
"197","防具","綠妖精披風",""
"198","防具","藍妖精披風",""
"199","防具","紅妖精披風",""
"200","防具","黑妖精披風",""
"201","防具","卡帕萊特的披風",""
"202","防具","蒙特鳩的披風",""
"203","防具","綠龍紋披風",""
"204","防具","紫龍紋披風",""
"205","防具","紅龍紋披風",""
"206","防具","藍龍紋披風",""
"207","防具","黑龍紋披風",""
"208","防具","紅色西麗斯斗篷",""
"209","防具","玩具披風",""
"210","防具","青銅頭盔",""
"211","防具","金屬頭盔",""
"212","防具","鋰礦頭盔",""
"213","防具","青銅帽",""
"214","防具","鋼鐵帽",""
"215","防具","鋰礦帽",""
"216","防具","青銅鋼盔",""
"217","防具","鐵製鋼盔",""
"218","防具","鋰礦鋼盔",""
"219","防具","青銅海盜頭盔",""
"220","防具","鋼製海盜帽",""
"221","防具","鋰礦海盜頭盔",""
"222","防具","青銅橄欖球帽",""
"223","防具","鋼鐵橄欖球帽",""
"224","防具","鋰礦橄欖球帽",""
"225","防具","鐵製尖頭盔",""
"226","防具","鋰礦尖頭盔",""
"227","防具","黃金尖頭盔",""
"228","防具","鋼製騎士頭盔",""
"229","防具","黃金騎士頭盔",""
"230","防具","紫礦騎士頭盔",""
"231","防具","槍騎士頭盔",""
"232","防具","褐色戰鬥頭盔",""
"233","防具","紅色戰鬥頭盔",""
"234","防具","藍色戰鬥頭盔",""
"235","防具","諾曼頭盔",""
"236","防具","鋰礦諾曼頭盔",""
"237","防具","黃金諾曼頭盔",""
"238","防具","紅武士頭盔",""
"239","防具","黃鐵頭盔",""
"240","防具","藍鐵頭盔",""
"241","防具","骷髏頭盔",""
"242","防具","藍色骷髏頭盔",""
"243","防具","祖母綠武士頭盔",""
"244","防具","黑青武士頭盔",""
"245","防具","青銅十字軍帽",""
"246","防具","鋰礦十字軍帽",""
"247","防具","銀製十字軍帽",""
"248","防具","舊青銅諾曼頭盔",""
"249","防具","舊諾曼頭盔",""
"250","防具","舊鋰礦諾曼頭盔",""
"251","防具","將軍的青頭盔",""
"252","防具","將軍的紅頭盔",""
"253","防具","青銅戰盔",""
"254","防具","銀製戰盔",""
"255","防具","鋰礦戰盔",""
"256","防具","赤龍頭盔",""
"257","防具","藍龍頭盔",""
"258","防具","黑龍頭盔",""
"259","防具","綠格萊西頭盔",""
"260","防具","藍格萊西頭盔",""
"261","防具","紅格萊西頭盔",""
"262","防具","銀格萊西頭盔",""
"263","防具","黑格萊西頭盔",""
"264","防具","綠色尼爾哲頭盔",""
"265","防具","藍色尼爾哲頭盔",""
"266","防具","黑色尼爾哲頭盔",""
"267","防具","？",""
"268","防具","黃皮製鎧甲",""
"269","防具","藍皮製鎧甲",""
"270","防具","褐戰士甲",""
"271","防具","藍戰士甲",""
"272","防具","青銅胸甲",""
"273","防具","鋼胸甲",""
"274","防具","紅十字軍甲",""
"275","防具","褐十字軍甲",""
"276","防具","綠十字軍甲",""
"277","防具","紅軍官鎧甲",""
"278","防具","藍軍官鎧甲",""
"279","防具","天藍騎士甲",""
"280","防具","藍騎士甲",""
"281","防具","紅騎士甲",""
"282","防具","紫軍官鎧甲",""
"283","防具","銀軍官鎧甲",""
"284","防具","黑軍官鎧甲",""
"285","防具","綠龍服",""
"286","防具","紅龍服",""
"287","防具","蒼天衣",""
"288","防具","青龍服",""
"289","防具","金龍服",""
"290","防具","黃鎮月鎧甲",""
"291","防具","紅鎮月鎧甲",""
"292","防具","黑鎮月鎧甲",""
"293","防具","黃金鎧甲",""
"294","防具","紫金鎧甲",""
"295","防具","青金鎧甲",""
"296","防具","黑將軍鎧甲",""
"297","防具","紅將軍鎧甲",""
"298","防具","褐將軍鎧甲",""
"299","防具","黑板金鎧甲",""
"300","防具","藍板金鎧甲",""
"301","防具","褐板金鎧甲",""
"302","防具","藍鋼玉鎧甲",""
"303","防具","紅鋼玉鎧甲",""
"304","防具","綠鋼玉鎧甲",""
"305","防具","黑鋼玉鎧甲",""
"306","防具","藍鋼玉鎧甲",""
"307","防具","紅鋼玉鎧甲",""
"308","防具","綠鋼玉鎧甲",""
"309","防具","紫暴風甲",""
"310","防具","藍暴風甲",""
"311","防具","紅暴風甲",""
"312","防具","青銅暴風甲",""
"313","防具","紫礦暴風甲",""
"314","防具","鋰礦暴風甲",""
"315","防具","綠貴族鎧甲",""
"316","防具","紫貴族鎧甲",""
"317","防具","黑貴族鎧甲",""
"318","防具","綠色崇高服",""
"319","防具","藍色崇高服",""
"320","防具","黑色崇高服",""
"321","防具","紫色厄索爾斯盔甲",""
"322","防具","綠色厄索爾盔甲",""
"323","防具","黑色厄索爾盔甲",""
"324","防具","藍色涅奧斯盔甲",""
"325","防具","綠色涅奧斯盔甲",""
"326","防具","黑色涅奧斯盔甲",""
"327","防具","黑皮甲褲",""
"328","防具","紅皮甲褲",""
"329","防具","褐色戰士褲",""
"330","防具","藍色戰士褲",""
"331","防具","褐色鐵板褲",""
"332","防具","鐵板褲",""
"333","防具","紅十字軍裙",""
"334","防具","褐十字軍裙",""
"335","防具","綠十字軍裙",""
"336","防具","紅軍官裙",""
"337","防具","鋼鐵軍官裙",""
"338","防具","天藍騎士裙",""
"339","防具","藍騎士裙",""
"340","防具","紅騎士裙",""
"341","防具","黑軍官裙",""
"342","防具","銀軍官裙",""
"343","防具","紫礦軍官裙",""
"344","防具","黃武褲",""
"345","防具","紅武褲",""
"346","防具","黑武褲",""
"347","防具","白武褲",""
"348","防具","半白武褲",""
"349","防具","黃鎮月裙",""
"350","防具","紅鎮月裙",""
"351","防具","黑鎮月裙",""
"352","防具","黃金褲",""
"353","防具","白金褲",""
"354","防具","黑金褲",""
"355","防具","黑將軍褲",""
"356","防具","紅將軍褲",""
"357","防具","褐將軍褲",""
"358","防具","黑板金褲",""
"359","防具","藍板金褲",""
"360","防具","褐板金褲",""
"361","防具","藍鋼玉裙",""
"362","防具","紅鋼玉裙",""
"363","防具","綠鋼玉裙",""
"364","防具","黑鋼玉褲",""
"365","防具","藍鋼玉褲",""
"366","防具","紅鋼玉褲",""
"367","防具","綠鋼玉褲",""
"368","防具","紫暴風褲",""
"369","防具","藍暴風褲",""
"370","防具","紅暴風褲",""
"371","防具","青銅暴風褲",""
"372","防具","紫礦暴風褲",""
"373","防具","鋰礦暴風褲",""
"374","防具","綠色虎雲裙",""
"375","防具","粉色虎雲裙",""
"376","防具","紅色虎雲裙",""
"377","防具","綠色強化褲",""
"378","防具","藍色強化褲",""
"379","防具","黑色強化褲",""
"380","防具","綠色厄索爾裙子",""
"381","防具","紫色厄索爾裙子",""
"382","防具","黑色厄索爾裙子",""
"383","防具","綠色涅奧斯長褲",""
"384","防具","藍色涅奧斯長褲",""
"385","防具","黑色涅奧斯長褲",""
"386","防具","鋼鐵鎧甲",""
"387","防具","藍劍道服",""
"388","防具","紅劍道服",""
"389","防具","白劍道服",""
"390","防具","黃護身鎧甲",""
"391","防具","黑護身鎧甲",""
"392","防具","藍護身鎧甲",""
"393","防具","紅護身鎧甲",""
"394","防具","黑龍袍",""
"395","防具","祖母綠鎧甲",""
"396","防具","藍寶石鎧甲",""
"397","防具","銀製鎧甲",""
"398","防具","赤紅鎧甲",""
"399","防具","黑十字鎖子甲",""
"400","防具","藍十字鎖子甲",""
"401","防具","白十字鎖子甲",""
"402","防具","黃白銀鎧甲",""
"403","防具","紅白銀鎧甲",""
"404","防具","藍白銀鎧甲",""
"405","防具","黑白銀鎧甲",""
"406","防具","綠白銀鎧甲",""
"407","防具","藍白銀鎧甲",""
"408","防具","紅白銀鎧甲",""
"409","防具","黑白銀鎧甲",""
"410","防具","？",""
"411","防具","？",""
"412","防具","腕甲",""
"413","防具","鋼製短手套",""
"414","防具","皮手套",""
"415","防具","白紋短手套",""
"416","防具","青銅機器手套",""
"417","防具","鋼製機器手套",""
"418","防具","紫礦機器手套",""
"419","防具","鐵製輕便手套",""
"420","防具","黃輕便手套",""
"421","防具","黑輕便手套",""
"422","防具","鋼鐵長手套",""
"423","防具","朱礦長手套",""
"424","防具","黑色長手套",""
"425","防具","鋼鐵合金手套",""
"426","防具","鋰礦合金手套",""
"427","防具","黃金合金手套",""
"428","防具","青銅戰鬥手套",""
"429","防具","藍戰鬥手套",""
"430","防具","黑戰鬥手套",""
"431","防具","青銅暗影手套",""
"432","防具","鋰礦暗影手套",""
"433","防具","黑暗影手套",""
"434","防具","馬爾斯藍拳套",""
"435","防具","馬爾斯紅拳套",""
"436","防具","馬爾斯黑拳套",""
"437","防具","馬爾斯綠拳套",""
"438","防具","綠色費洛奇拳頭",""
"439","防具","紫色費洛奇拳頭",""
"440","防具","黑色費洛奇拳頭",""
"441","防具","綠色鐵腕",""
"442","防具","藍色鐵腕",""
"443","防具","黑色鐵腕",""
"444","防具","？",""
"445","防具","青銅鞋",""
"446","防具","鋼鐵鬥士鞋",""
"447","防具","褐旅行鞋",""
"448","防具","藍旅行鞋",""
"449","防具","黃旅行鞋",""
"450","防具","鋰礦戰鬥鞋",""
"451","防具","銀戰鬥鞋",""
"452","防具","金戰鬥鞋",""
"453","防具","黑戰鬥鞋",""
"454","防具","綠鬥士鞋",""
"455","防具","藍鬥士鞋",""
"456","防具","銀鬥士鞋",""
"457","防具","紅鬥士鞋",""
"458","防具","紅雪鞋","在雪地上不會滑行"
"459","防具","鐵頭皮鞋",""
"460","防具","藍鐵頭鞋",""
"461","防具","黑鐵頭鞋",""
"462","防具","黃金月靴",""
"463","防具","紫金月靴",""
"464","防具","藍金月靴",""
"465","防具","祖母綠將軍靴",""
"466","防具","鋰礦藍將軍靴",""
"467","防具","紫礦將軍靴",""
"468","防具","黃金將軍靴",""
"469","防具","藍十字鞋",""
"470","防具","紫十字鞋",""
"471","防具","紅十字鞋",""
"472","防具","紫飛魂鞋",""
"473","防具","黑飛魂鞋",""
"474","防具","藍飛魂鞋",""
"475","防具","紅色水晶靴",""
"476","防具","藍色水晶靴",""
"477","防具","黑色水晶靴",""
"478","防具","黃鱗甲靴",""
"479","防具","紫鱗甲靴",""
"480","防具","銀鱗甲靴",""
"481","防具","綠色新月型長靴",""
"482","防具","藍色新月型長靴",""
"483","防具","黑色新月型長靴",""
"484","防具","？",""
"485","防具","木製圓盾",""
"486","防具","鋼盾",""
"487","防具","鋰礦圓盾",""
"488","防具","三角赤盾",""
"489","防具","紅十字盾牌",""
"490","防具","戰鬥盾牌",""
"491","防具","鋼鐵方盾",""
"492","防具","鋰礦方盾",""
"493","防具","朱礦方盾",""
"494","防具","骷髏盾",""
"495","防具","古老木盾",""
"496","防具","古老銀盾",""
"497","防具","古老朱礦盾",""
"498","防具","鋼鐵古盾牌",""
"499","防具","銀古盾牌",""
"500","防具","黃金古盾牌",""
"501","防具","青銅尖刺護盾",""
"502","防具","銀尖刺護盾",""
"503","防具","金尖刺護盾",""
"504","防具","青銅圓盾",""
"505","防具","銀圓盾",""
"506","防具","金圓盾",""
"507","防具","聖靈之盾",""
"508","防具","榮耀之盾",""
"509","防具","褐色高級皮帽",""
"510","防具","綠色高級皮帽",""
"511","防具","黑羽毛帽",""
"512","防具","藍羽毛帽",""
"513","防具","紅羽毛帽",""
"514","防具","褐羽毛帽",""
"515","防具","綠羽毛帽",""
"516","防具","黑羽翼帽",""
"517","防具","藍羽翼帽",""
"518","防具","紅羽翼帽",""
"519","防具","褐羽翼帽",""
"520","防具","綠羽翼帽",""
"521","防具","黑獵人帽",""
"522","防具","藍獵人帽",""
"523","防具","紅獵人帽",""
"524","防具","褐獵人帽",""
"525","防具","綠獵人帽",""
"526","防具","黑雙翼之帽",""
"527","防具","藍雙翼之帽",""
"528","防具","紅雙翼之帽",""
"529","防具","褐雙翼之帽",""
"530","防具","綠雙翼之帽",""
"531","防具","黑羽翼三角帽",""
"532","防具","藍羽翼三角帽",""
"533","防具","紅羽翼三角帽",""
"534","防具","褐羽翼三角帽",""
"535","防具","綠羽翼三角帽",""
"536","防具","黑羽絲絨帽",""
"537","防具","藍羽絲絨帽",""
"538","防具","紅羽絲絨帽",""
"539","防具","褐羽絲絨帽",""
"540","防具","綠羽絲絨帽",""
"541","防具","骷髏頭盔",""
"542","防具","黑貴族軟帽",""
"543","防具","藍貴族軟帽",""
"544","防具","紅貴族軟帽",""
"545","防具","綠貴族軟帽",""
"546","防具","赤弓羽",""
"547","防具","黑弓羽",""
"548","防具","白弓羽",""
"549","防具","黃弓羽",""
"550","防具","綠司令帽",""
"551","防具","藍司令帽",""
"552","防具","黃司令帽",""
"553","防具","黑司令帽",""
"554","防具","綠色飛翔帽",""
"555","防具","藍色飛翔帽",""
"556","防具","紅色飛翔帽",""
"557","防具","黑色飛翔帽",""
"558","防具","紅色昂斯頭盔",""
"559","防具","藍色昂斯頭盔",""
"560","防具","綠色昂斯頭盔",""
"561","防具","黑色昂斯頭盔",""
"562","防具","紅色阿爾納帽",""
"563","防具","藍色阿爾納帽",""
"564","防具","綠色阿爾納帽",""
"565","防具","？",""
"566","防具","黃色旅行服",""
"567","防具","綠色旅行服",""
"568","防具","褐色旅行服",""
"569","防具","綠色旅行服",""
"570","防具","黃皮製旅行服",""
"571","防具","黑皮製旅行服",""
"572","防具","綠皮製旅行服",""
"573","防具","銀連帽弓箭手服",""
"574","防具","綠連帽弓箭手服",""
"575","防具","紫硬皮裝",""
"576","防具","紅硬皮裝",""
"577","防具","綠硬皮裝",""
"578","防具","褐色皮甲",""
"579","防具","黃獵人服",""
"580","防具","紅獵人服",""
"581","防具","藍獵人服",""
"582","防具","綠獵人服",""
"583","防具","黑獵人服",""
"584","防具","藍獵人服",""
"585","防具","紅獵人服",""
"586","防具","綠獵人服",""
"587","防具","黑浪人之服",""
"588","防具","紅浪人之服",""
"589","防具","綠浪人之服",""
"590","防具","黑浪人之服",""
"591","防具","藍浪人之服",""
"592","防具","紅浪人之服",""
"593","防具","綠浪人之服",""
"594","防具","黑守護之服",""
"595","防具","藍守護之服",""
"596","防具","紅守護之服",""
"597","防具","褐守護之服",""
"598","防具","綠守護之服",""
"599","防具","黑守護之服",""
"600","防具","藍守護之服",""
"601","防具","紅守護之服",""
"602","防具","褐守護之服",""
"603","防具","綠守護之服",""
"604","防具","黑貴族之服",""
"605","防具","褐貴族之服",""
"606","防具","白貴族之服",""
"607","防具","黑貴族之服",""
"608","防具","褐貴族之服",""
"609","防具","白貴族之服",""
"610","防具","黃色旅行裙",""
"611","防具","綠色旅行裙",""
"612","防具","綠色皮褲",""
"613","防具","黃色旅行皮裙",""
"614","防具","灰色旅行皮裙",""
"615","防具","綠色旅行皮裙",""
"616","防具","紫硬皮裙",""
"617","防具","紅硬皮裙",""
"618","防具","綠硬皮裙",""
"619","防具","褐色皮製褲",""
"620","防具","打獵褲",""
"621","防具","黑遊俠裙",""
"622","防具","綠遊俠裙",""
"623","防具","紅遊俠裙",""
"624","防具","黑遊俠之褲",""
"625","防具","藍遊俠之褲",""
"626","防具","紅遊俠之褲",""
"627","防具","綠遊俠之褲",""
"628","防具","黑守護褲裙",""
"629","防具","藍守護褲裙",""
"630","防具","紅守護褲裙",""
"631","防具","褐守護褲裙",""
"632","防具","綠守護褲裙",""
"633","防具","黑守護褲",""
"634","防具","藍守護褲",""
"635","防具","紅守護褲",""
"636","防具","褐守護褲",""
"637","防具","綠守護褲",""
"638","防具","黑貴族褲裙",""
"639","防具","褐貴族褲裙",""
"640","防具","白貴族褲裙",""
"641","防具","黑貴族旅褲",""
"642","防具","藍貴族旅褲",""
"643","防具","褐貴族旅褲",""
"644","防具","藍貴族禮服",""
"645","防具","紅貴族禮服",""
"646","防具","綠貴族禮服",""
"647","防具","青宮庭之袍",""
"648","防具","赤宮庭之袍",""
"649","防具","黃草露",""
"650","防具","藍草露",""
"651","防具","赤草露",""
"652","防具","朱旋風甲",""
"653","防具","青旋風甲",""
"654","防具","赤旋風甲",""
"655","防具","褐飄雲之衣",""
"656","防具","藍飄雲之衣",""
"657","防具","綠飄雲之衣",""
"658","防具","黑飄雲之衣",""
"659","防具","褐飄雲之衣",""
"660","防具","藍飄雲之衣",""
"661","防具","綠飄雲之衣",""
"662","防具","黑飄雲之衣",""
"663","防具","紅宮衣",""
"664","防具","綠宮衣",""
"665","防具","藍宮衣",""
"666","防具","黑宮衣",""
"667","防具","紅宮衣",""
"668","防具","綠宮衣",""
"669","防具","藍宮衣",""
"670","防具","黑宮衣",""
"671","防具","紅色高麗貴婦袍",""
"672","防具","藍色高麗貴婦袍",""
"673","防具","綠色高麗貴婦袍",""
"674","防具","黑色高麗貴婦袍",""
"675","防具","紅色昂斯",""
"676","防具","藍色昂斯",""
"677","防具","綠色昂斯",""
"678","防具","黑色昂斯",""
"679","防具","綠色米斯裝",""
"680","防具","藍色米斯裝",""
"681","防具","紅色米斯裝",""
"682","防具","藍色卡那裝",""
"683","防具","綠色卡那裝",""
"684","防具","紅色卡那裝",""
"685","防具","？",""
"686","防具","？",""
"687","防具","青狩獵手套",""
"688","防具","藍狩獵手套",""
"689","防具","紅狩獵手套",""
"690","防具","綠狩獵手套",""
"691","防具","藍命中手套",""
"692","防具","紅命中手套",""
"693","防具","黑命中手套",""
"694","防具","褐擊中手套",""
"695","防具","綠擊中手套",""
"696","防具","黑擊中手套",""
"697","防具","青銅名弓手套",""
"698","防具","鋰礦名弓手套",""
"699","防具","黃金名弓手套",""
"700","防具","藍勇氣手套",""
"701","防具","黃金勇氣手套",""
"702","防具","黑勇氣手套",""
"703","防具","藍意志手套",""
"704","防具","紅意志手套",""
"705","防具","黑意志手套",""
"706","防具","黃神功手套",""
"707","防具","赤神功手套",""
"708","防具","黑神功手套",""
"709","防具","藍神眼手套",""
"710","防具","黃金神眼手套",""
"711","防具","黑神眼手套",""
"712","防具","紅天使手套",""
"713","防具","藍天使手套",""
"714","防具","綠天使手套",""
"715","防具","黑天使手套",""
"716","防具","紅色亞達夫手套",""
"717","防具","綠色亞達夫手套",""
"718","防具","黑色亞達夫手套",""
"719","防具","紅色阿爾納手套",""
"720","防具","綠色阿爾納手套",""
"721","防具","黑色阿爾納手套",""
"722","防具","？",""
"723","防具","褐硬皮鞋",""
"724","防具","綠硬皮鞋",""
"725","防具","綠軟布鞋",""
"726","防具","褐軟布鞋",""
"727","防具","藍軟布鞋",""
"728","防具","兔毛鞋",""
"729","防具","熊毛鞋",""
"730","防具","獅子毛鞋",""
"731","防具","鹿毛鞋",""
"732","防具","皮製長靴",""
"733","防具","綠皮製長靴",""
"734","防具","紅皮製長靴",""
"735","防具","紅打獵鞋",""
"736","防具","藍打獵鞋",""
"737","防具","綠打獵鞋",""
"738","防具","黑打獵鞋",""
"739","防具","褐打獵鞋",""
"740","防具","綠雪鞋",""
"741","防具","藍錦絲鞋",""
"742","防具","綠錦絲鞋",""
"743","防具","紅錦絲鞋",""
"744","防具","紅精靈鞋",""
"745","防具","黃精靈鞋",""
"746","防具","褐精靈鞋",""
"747","防具","藍精靈鞋",""
"748","防具","褐弓手鞋",""
"749","防具","綠弓手鞋",""
"750","防具","藍弓手鞋",""
"751","防具","紫弓手鞋",""
"752","防具","藍花精鞋",""
"753","防具","紫花精鞋",""
"754","防具","綠花精鞋",""
"755","防具","藍箭魂鞋",""
"756","防具","黃箭魂鞋",""
"757","防具","綠箭魂鞋",""
"758","防具","黑箭魂鞋",""
"759","防具","藍飛翼鞋",""
"760","防具","紅飛翼鞋",""
"761","防具","綠飛翼鞋",""
"762","防具","黑飛翼鞋",""
"763","防具","紅色昂斯鞋",""
"764","防具","綠色昂斯鞋",""
"765","防具","黑色昂斯鞋",""
"766","防具","紅色阿爾納鞋",""
"767","防具","藍色阿爾納鞋",""
"768","防具","綠色阿爾納鞋",""
"769","防具","？",""
"770","防具","褐色舊魔法帽",""
"771","防具","紅色舊魔法帽",""
"772","防具","藍色舊魔法帽",""
"773","防具","黑色魔法帽",""
"774","防具","藍色魔法帽",""
"775","防具","褐色魔法帽",""
"776","防具","紅色魔法帽",""
"777","防具","綠色魔法帽",""
"778","防具","綠色法師帽",""
"779","防具","紅色法師帽",""
"780","防具","藍色法師帽",""
"781","防具","孫悟空青銅頭箍",""
"782","防具","孫悟空鋼製頭箍",""
"783","防具","孫悟空頭箍",""
"784","防具","黑色術士帽",""
"785","防具","藍色術士帽",""
"786","防具","褐色術士帽",""
"787","防具","粉紅術士帽",""
"788","防具","綠色術士帽",""
"789","防具","藍星魔法帽",""
"790","防具","紅星魔法帽",""
"791","防具","褐星魔法帽",""
"792","防具","綠星魔法帽",""
"793","防具","黑星魔法帽",""
"794","防具","黑魔道之帽",""
"795","防具","藍魔道之帽",""
"796","防具","紅魔道之帽",""
"797","防具","褐魔道之帽",""
"798","防具","白魔道之帽",""
"799","防具","骷髏頭盔",""
"800","防具","黑黃金法冠",""
"801","防具","火黃金法冠",""
"802","防具","水黃金法冠",""
"803","防具","土黃金法冠",""
"804","防具","藍和平之帽",""
"805","防具","紅和平之帽",""
"806","防具","綠和平之帽",""
"807","防具","黑和平之帽",""
"808","防具","白和平之帽",""
"809","防具","紅神聖之冠",""
"810","防具","藍神聖之冠",""
"811","防具","黑神聖之冠",""
"812","防具","紫十字帽",""
"813","防具","綠十字帽",""
"814","防具","藍十字帽",""
"815","防具","黑十字帽",""
"816","防具","綠色綢緞帽",""
"817","防具","藍色綢緞帽",""
"818","防具","紅色綢緞帽",""
"819","防具","黑色綢緞帽",""
"820","防具","綠色巴爾帽",""
"821","防具","藍色巴爾帽",""
"822","防具","紅色巴爾帽",""
"823","防具","黑色巴爾帽",""
"824","防具","黑棉製緊身衣",""
"825","防具","綠棉製緊身衣",""
"826","防具","藍修煉服",""
"827","防具","灰修煉服",""
"828","防具","黃錦絲緊身衣",""
"829","防具","紫錦絲緊身衣",""
"830","防具","粉紅錦絲緊身衣",""
"831","防具","綠錦絲緊身衣",""
"832","防具","黑伽藍",""
"833","防具","紫伽藍",""
"834","防具","紅伽藍",""
"835","防具","朱紅伽藍",""
"836","防具","黑伽藍",""
"837","防具","藍伽藍",""
"838","防具","紫色妖精之服",""
"839","防具","綠色妖精之服",""
"840","防具","藍色妖精之服",""
"841","防具","黑神聖法袍",""
"842","防具","藍神聖法袍",""
"843","防具","紅神聖法袍",""
"844","防具","黑棉製長裙",""
"845","防具","綠棉製長裙",""
"846","防具","藍修煉褲",""
"847","防具","灰修煉褲",""
"848","防具","黃錦絲長裙",""
"849","防具","紫錦絲長裙",""
"850","防具","粉紅錦絲長裙",""
"851","防具","綠錦絲長裙",""
"852","防具","黑伽藍裙",""
"853","防具","白伽藍裙",""
"854","防具","黑伽藍褲",""
"855","防具","白伽藍褲",""
"856","防具","紫色妖精裙",""
"857","防具","藍色妖精裙",""
"858","防具","綠色妖精裙",""
"859","防具","黑神聖裙",""
"860","防具","藍神聖裙",""
"861","防具","紅神聖裙",""
"862","防具","藍魔法袍",""
"863","防具","褐魔法袍",""
"864","防具","綠魔法袍",""
"865","防具","紫魔者之袍",""
"866","防具","紅魔者之袍",""
"867","防具","褐魔者之袍",""
"868","防具","黃魔者之袍",""
"869","防具","藍魔者之袍",""
"870","防具","褐魔者之袍",""
"871","防具","白魔者之袍",""
"872","防具","黑牧師長袍",""
"873","防具","藍牧師長袍",""
"874","防具","白牧師長袍",""
"875","防具","綠牧師長袍",""
"876","防具","紅魔力長袍",""
"877","防具","黑魔力長袍",""
"878","防具","藍魔力長袍",""
"879","防具","白魔力長袍",""
"880","防具","黑月光長袍",""
"881","防具","紫月光長袍",""
"882","防具","藍月光長袍",""
"883","防具","紅月光長袍",""
"884","防具","褐月光長袍",""
"885","防具","黑星光長袍",""
"886","防具","藍星光長袍",""
"887","防具","紅星光長袍",""
"888","防具","褐星光長袍",""
"889","防具","綠星光長袍",""
"890","防具","黑妖精禮服",""
"891","防具","藍妖精禮服",""
"892","防具","紅妖精禮服",""
"893","防具","朱紅妖精禮服",""
"894","防具","白妖精禮服",""
"895","防具","黑魔法戰士衣",""
"896","防具","藍魔法戰士衣",""
"897","防具","紅魔法戰士衣",""
"898","防具","朱紅魔法戰士衣",""
"899","防具","白魔法戰士衣",""
"900","防具","黑聖黨之服",""
"901","防具","藍聖黨之服",""
"902","防具","紅聖黨之服",""
"903","防具","白聖黨之服",""
"904","防具","黑神聖服",""
"905","防具","藍神聖服",""
"906","防具","紅神聖服",""
"907","防具","白神聖服",""
"908","防具","紅天上之衣",""
"909","防具","褐天上之衣",""
"910","防具","藍天上之衣",""
"911","防具","黑天上之衣",""
"912","防具","紅天上之衣",""
"913","防具","褐天上之衣",""
"914","防具","藍天上之衣",""
"915","防具","黑天上之衣",""
"916","防具","紫神仙之服",""
"917","防具","綠神仙之服",""
"918","防具","黑神仙之服",""
"919","防具","綠神仙之服",""
"920","防具","藍神仙之服",""
"921","防具","黑神仙之服",""
"922","防具","綠綢緞長袍",""
"923","防具","藍綢緞長袍",""
"924","防具","紅綢緞長袍",""
"925","防具","黑綢緞長袍",""
"926","防具","綠綢緞長袍",""
"927","防具","藍綢緞長袍",""
"928","防具","紅綢緞長袍",""
"929","防具","黑綢緞長袍",""
"930","防具","綠色拜爾裝",""
"931","防具","藍色拜爾裝",""
"932","防具","紅色拜爾裝",""
"933","防具","黑色拜爾裝",""
"934","防具","綠色羅赤裝",""
"935","防具","藍色羅赤裝",""
"936","防具","紅色羅赤裝",""
"937","防具","黑色羅赤裝",""
"938","防具","藍色羅達服",""
"939","防具","藍色羅達服",""
"940","防具","魔法手套",""
"941","防具","藍色梅林手套",""
"942","防具","綠色梅林手套",""
"943","防具","紫色梅林手套",""
"944","防具","藍賢者手套",""
"945","防具","紅賢者手套",""
"946","防具","黑賢者手套",""
"947","防具","紅守護手套",""
"948","防具","藍守護手套",""
"949","防具","黑守護手套",""
"950","防具","紅神聖手套",""
"951","防具","藍神聖手套",""
"952","防具","黑神聖手套",""
"953","防具","紅精靈手套",""
"954","防具","藍精靈手套",""
"955","防具","黑精靈手套",""
"956","防具","紅元素手套",""
"957","防具","藍元素手套",""
"958","防具","黑元素手套",""
"959","防具","鋼鐵封印手套",""
"960","防具","黃金封印手套",""
"961","防具","黑封印手套",""
"962","防具","褐戰魂手套",""
"963","防具","藍戰魂手套",""
"964","防具","黑戰魂手套",""
"965","防具","魔力綠手套",""
"966","防具","魔力藍手套",""
"967","防具","魔力青手套",""
"968","防具","藍色貴族手套",""
"969","防具","綠色貴族手套",""
"970","防具","紅色貴族手套",""
"971","防具","黑色貴族手套",""
"972","防具","藍色希亞手套",""
"973","防具","綠色希亞手套",""
"974","防具","紅色希亞手套",""
"975","防具","紫色希亞手套",""
"976","防具","？",""
"977","防具","黃馬車鞋",""
"978","防具","藍馬車鞋",""
"979","防具","褐馬車鞋",""
"980","防具","褐安全鞋",""
"981","防具","黑安全鞋",""
"982","防具","藍寶石鞋",""
"983","防具","紫寶石鞋",""
"984","防具","紅寶石鞋",""
"985","防具","銀飄風鞋",""
"986","防具","黃飄風鞋",""
"987","防具","黑飄風鞋",""
"988","防具","紅魔法鞋",""
"989","防具","藍魔法鞋",""
"990","防具","白魔法鞋",""
"991","防具","黑魔法鞋",""
"992","防具","藍雪鞋",""
"993","防具","紫守護鞋",""
"994","防具","紅守護鞋",""
"995","防具","黑守護鞋",""
"996","防具","紅月鞋",""
"997","防具","藍月鞋",""
"998","防具","黃月鞋",""
"999","防具","黑月鞋",""
"1000","防具","粉紅黃金風",""
"1001","防具","藍黃金風",""
"1002","防具","紫黃金風",""
"1003","防具","綠黃金風",""
"1004","防具","藍天使鞋",""
"1005","防具","黃天使鞋",""
"1006","防具","粉紅天使鞋",""
"1007","防具","綠天使鞋",""
"1008","防具","藍水晶涼鞋",""
"1009","防具","褐水晶涼鞋",""
"1010","防具","金水晶涼鞋",""
"1011","防具","紅水晶涼鞋",""
"1012","防具","綠密林之鞋",""
"1013","防具","紫密林之鞋",""
"1014","防具","黑密林之鞋",""
"1015","防具","藍色艾倫鞋",""
"1016","防具","綠色艾倫鞋",""
"1017","防具","紅色艾倫鞋",""
"1018","防具","黑色艾倫鞋",""
"1019","防具","藍色巴爾鞋",""
"1020","防具","綠色巴爾鞋",""
"1021","防具","紅色巴爾鞋",""
"1022","防具","黑色巴爾鞋",""
"1023","防具","？",""
"1024","防具","神秘護盾",""
"1025","防具","鑽石護盾",""
"1026","防具","楓葉盾牌",""
"1027","防具","盜賊黑帽",""
"1028","防具","盜賊藍帽",""
"1029","防具","盜賊紅帽",""
"1030","防具","盜賊褐帽",""
"1031","防具","盜賊綠帽",""
"1032","防具","盜賊黃頭巾",""
"1033","防具","盜賊黑頭巾",""
"1034","防具","盜賊藍頭巾",""
"1035","防具","盜賊紅頭巾",""
"1036","防具","盜賊綠頭巾",""
"1037","防具","黑色自由帽",""
"1038","防具","藍色自由帽",""
"1039","防具","紅色自由帽",""
"1040","防具","褐色自由帽",""
"1041","防具","綠色自由帽",""
"1042","防具","黑堤貝之帽",""
"1043","防具","藍堤貝之帽",""
"1044","防具","紅堤貝之帽",""
"1045","防具","褐堤貝之帽",""
"1046","防具","綠堤貝之帽",""
"1047","防具","黑假面帽",""
"1048","防具","藍假面帽",""
"1049","防具","紅假面帽",""
"1050","防具","褐假面帽",""
"1051","防具","綠假面帽",""
"1052","防具","黑防風帽",""
"1053","防具","藍防風帽",""
"1054","防具","紅防風帽",""
"1055","防具","褐防風帽",""
"1056","防具","綠防風帽",""
"1057","防具","黑海盜頭巾",""
"1058","防具","藍海盜頭巾",""
"1059","防具","紅海盜頭巾",""
"1060","防具","褐海盜頭巾",""
"1061","防具","綠海盜頭巾",""
"1062","防具","骷髏頭盔",""
"1063","防具","黃黑太陽帽",""
"1064","防具","藍黑太陽帽",""
"1065","防具","紅黑太陽帽",""
"1066","防具","綠黑太陽帽",""
"1067","防具","闇黑忍者頭巾",""
"1068","防具","銀忍者頭巾",""
"1069","防具","青銅忍者頭巾",""
"1070","防具","白隱者帽",""
"1071","防具","褐天空之帽",""
"1072","防具","藍天空之帽",""
"1073","防具","紫天空之帽",""
"1074","防具","白天空之帽",""
"1075","防具","紅天空之帽",""
"1076","防具","褐色海盜帽",""
"1077","防具","紅色海盜帽",""
"1078","防具","綠色海盜帽",""
"1079","防具","黑色海盜帽",""
"1080","防具","藍扣帶帽",""
"1081","防具","褐扣帶帽",""
"1082","防具","紫扣帶帽",""
"1083","防具","紅扣帶帽",""
"1084","防具","綠色卡奈頭巾",""
"1085","防具","藍色卡奈頭",""
"1086","防具","紅色卡奈頭巾",""
"1087","防具","黑色卡奈頭巾",""
"1088","防具","？",""
"1089","防具","紅夢",""
"1090","防具","黑夢",""
"1091","防具","青夢",""
"1092","防具","紅夢",""
"1093","防具","黑夢",""
"1094","防具","青夢",""
"1095","防具","黃夜",""
"1096","防具","赤夜",""
"1097","防具","黑夜",""
"1098","防具","青夜",""
"1099","防具","藍色旗袍",""
"1100","防具","紅色旗袍",""
"1101","防具","粉紅旗袍",""
"1102","防具","黑唐杉",""
"1103","防具","藍唐杉",""
"1104","防具","紅唐杉",""
"1105","防具","綠敏捷之服",""
"1106","防具","紅敏捷之服",""
"1107","防具","藍敏捷之服",""
"1108","防具","黑敏捷之服",""
"1109","防具","黑敏捷之服",""
"1110","防具","藍敏捷之服",""
"1111","防具","褐敏捷之服",""
"1112","防具","黑寂靜之服",""
"1113","防具","紫寂靜之服",""
"1114","防具","藍寂靜之服",""
"1115","防具","紅寂靜之服",""
"1116","防具","黑銀寂靜之服",""
"1117","防具","黑褐寂靜之服",""
"1118","防具","銀黑寂靜之服",""
"1119","防具","紅金寂靜之服",""
"1120","防具","黑暗影之服",""
"1121","防具","紅暗影之服",""
"1122","防具","綠暗影之服",""
"1123","防具","深夜之影",""
"1124","防具","花精之影",""
"1125","防具","火焰之影",""
"1126","防具","滄海之影",""
"1127","防具","黑暗之影",""
"1128","防具","樹林之影",""
"1129","防具","黃月",""
"1130","防具","紫月",""
"1131","防具","青月",""
"1132","防具","赤月",""
"1133","防具","黃陽",""
"1134","防具","青陽",""
"1135","防具","赤陽",""
"1136","防具","綠陽",""
"1137","防具","黑飛影之服",""
"1138","防具","赤飛影之服",""
"1139","防具","灰飛影之服",""
"1140","防具","黃飛影之服",""
"1141","防具","黑飛影之服",""
"1142","防具","白飛影之服",""
"1143","防具","粉朱雀之甲",""
"1144","防具","藍朱雀之甲",""
"1145","防具","紅朱雀之甲",""
"1146","防具","紫朱雀之甲",""
"1147","防具","藍玄武之甲",""
"1148","防具","黑玄武之甲",""
"1149","防具","褐玄武之甲",""
"1150","防具","綠隱者之服",""
"1151","防具","紅隱者之服",""
"1152","防具","黑隱者之服",""
"1153","防具","綠隱者之服",""
"1154","防具","紅隱者之服",""
"1155","防具","黑隱者之服",""
"1156","防具","藍扣帶護甲",""
"1157","防具","褐扣帶護甲",""
"1158","防具","紫扣帶護甲",""
"1159","防具","紅扣帶護甲",""
"1160","防具","藍扣帶護甲",""
"1161","防具","褐扣帶護甲",""
"1162","防具","紫扣帶護甲",""
"1163","防具","紅扣帶護甲",""
"1164","防具","紅夢褲",""
"1165","防具","黑夢褲",""
"1166","防具","青夢褲",""
"1167","防具","紅夢褲",""
"1168","防具","黑夢褲",""
"1169","防具","青夢褲",""
"1170","防具","黃夜褲",""
"1171","防具","赤夜褲",""
"1172","防具","黑夜褲",""
"1173","防具","青夜褲",""
"1174","防具","紫旗袍褲",""
"1175","防具","藍旗袍褲",""
"1176","防具","紅旗袍褲",""
"1177","防具","黑唐衫褲",""
"1178","防具","藍唐衫褲",""
"1179","防具","紅唐衫褲",""
"1180","防具","紫旗袍裙",""
"1181","防具","紅旗袍裙",""
"1182","防具","藍旗袍裙",""
"1183","防具","綠敏捷褲",""
"1184","防具","藍敏捷褲",""
"1185","防具","紅敏捷褲",""
"1186","防具","黑敏捷褲",""
"1187","防具","黑褐敏捷褲",""
"1188","防具","黑敏捷褲",""
"1189","防具","褐敏捷褲",""
"1190","防具","黑寂靜褲",""
"1191","防具","紫寂靜褲",""
"1192","防具","藍寂靜褲",""
"1193","防具","紅寂靜褲",""
"1194","防具","黑銀寂靜之褲",""
"1195","防具","黑褐寂靜之褲",""
"1196","防具","銀黑寂靜之褲",""
"1197","防具","紅金寂靜之褲",""
"1198","防具","黑暗影之褲",""
"1199","防具","藍暗影之褲",""
"1200","防具","紅暗影之褲",""
"1201","防具","深夜之褲",""
"1202","防具","花精之褲",""
"1203","防具","火焰之褲",""
"1204","防具","滄海之褲",""
"1205","防具","黑暗之褲",""
"1206","防具","樹林之褲",""
"1207","防具","黃月褲",""
"1208","防具","紫月褲",""
"1209","防具","青月褲",""
"1210","防具","赤月褲",""
"1211","防具","黃陽褲",""
"1212","防具","青陽褲",""
"1213","防具","赤陽褲",""
"1214","防具","綠陽褲",""
"1215","防具","黑飛影之褲",""
"1216","防具","赤飛影之褲",""
"1217","防具","灰飛影之褲",""
"1218","防具","黃飛影之褲",""
"1219","防具","黑飛影之褲",""
"1220","防具","白飛影之褲",""
"1221","防具","粉朱雀之褲",""
"1222","防具","藍朱雀之褲",""
"1223","防具","紫朱雀之褲",""
"1224","防具","紅朱雀之褲",""
"1225","防具","藍玄武之褲",""
"1226","防具","黑玄武之褲",""
"1227","防具","褐玄武之褲",""
"1228","防具","綠隱者之裙",""
"1229","防具","紅隱者之裙",""
"1230","防具","黑隱者之裙",""
"1231","防具","綠隱者之褲",""
"1232","防具","紅隱者之褲",""
"1233","防具","黑隱者之褲",""
"1234","防具","藍色勇者褲",""
"1235","防具","褐色勇者褲",""
"1236","防具","粉色勇者褲",""
"1237","防具","紅色勇者褲",""
"1238","防具","藍色勇者褲",""
"1239","防具","褐色勇者褲",""
"1240","防具","粉色勇者褲",""
"1241","防具","紅色勇者褲",""
"1242","防具","黑飛影甲",""
"1243","防具","紫飛影甲",""
"1244","防具","藍飛影甲",""
"1245","防具","紅飛影甲",""
"1246","防具","綠色貓裝",""
"1247","防具","藍色貓裝",""
"1248","防具","紅色貓裝",""
"1249","防具","黑色貓裝",""
"1250","防具","綠色貓裝",""
"1251","防具","藍色貓裝",""
"1252","防具","紅色貓裝",""
"1253","防具","黑色貓裝",""
"1254","防具","？",""
"1255","防具","?",""
"1256","防具","褐短指手套",""
"1257","防具","藍短指手套",""
"1258","防具","黑短指手套",""
"1259","防具","青銅盜賊手套",""
"1260","防具","鋰礦盜賊手套",""
"1261","防具","闇黑盜賊手套",""
"1262","防具","青銅精神手套",""
"1263","防具","鋰礦精神手套",""
"1264","防具","黑精神手套",""
"1265","防具","鋼鐵暴風手套",""
"1266","防具","銀製暴風手套",""
"1267","防具","黃金暴風手套",""
"1268","防具","鋼鐵追擊手套",""
"1269","防具","紫礦追擊手套",""
"1270","防具","黃金追擊手套",""
"1271","防具","紅盜賊手套",""
"1272","防具","黃金盜賊手套",""
"1273","防具","黑盜賊手套",""
"1274","防具","青月手套",""
"1275","防具","赤月手套",""
"1276","防具","黃月手套",""
"1277","防具","青銅柔絲手套",""
"1278","防具","鋼鐵柔絲手套",""
"1279","防具","黃金柔絲手套",""
"1280","防具","青銅名譽手套",""
"1281","防具","銀名譽手套",""
"1282","防具","黃金名譽手套",""
"1283","防具","德古拉藍手套",""
"1284","防具","德古拉紫手套",""
"1285","防具","德古拉紅手套",""
"1286","防具","綠色米絲特手套",""
"1287","防具","紫色米絲特手套",""
"1288","防具","紅色米絲特手套",""
"1289","防具","藍色亞納林",""
"1290","防具","綠色亞納林",""
"1291","防具","紅色亞納林",""
"1292","防具","黑色亞納林",""
"1293","防具","？",""
"1294","防具","藍冒險鞋",""
"1295","防具","褐冒險鞋",""
"1296","防具","黃忍者涼鞋",""
"1297","防具","藍忍者涼鞋",""
"1298","防具","紅忍者涼鞋",""
"1299","防具","白忍者涼鞋",""
"1300","防具","黑漆皮鞋",""
"1301","防具","藍漆皮鞋",""
"1302","防具","紅漆皮鞋",""
"1303","防具","藍追擊鞋",""
"1304","防具","紅追擊鞋",""
"1305","防具","綠追擊鞋",""
"1306","防具","黑追擊鞋",""
"1307","防具","青銅鏈鞋",""
"1308","防具","鋼鐵鏈鞋",""
"1309","防具","銀鏈鞋",""
"1310","防具","金鏈鞋",""
"1311","防具","黑雪鞋",""
"1312","防具","紅楊柳鞋",""
"1313","防具","綠楊柳鞋",""
"1314","防具","藍楊柳鞋",""
"1315","防具","綠流星鞋",""
"1316","防具","黃流星鞋",""
"1317","防具","藍流星鞋",""
"1318","防具","紅流星鞋",""
"1319","防具","藍雷電鞋",""
"1320","防具","綠雷電鞋",""
"1321","防具","紅雷電鞋",""
"1322","防具","紫雷電鞋",""
"1323","防具","紅無痕之鞋",""
"1324","防具","金無痕之鞋",""
"1325","防具","黑無痕之鞋",""
"1326","防具","藍龍皮鞋",""
"1327","防具","紅龍皮鞋",""
"1328","防具","紫龍皮鞋",""
"1329","防具","綠飛影鞋",""
"1330","防具","紅飛影鞋",""
"1331","防具","黑飛影鞋",""
"1332","防具","藍扣帶鞋",""
"1333","防具","褐扣帶鞋",""
"1334","防具","紫扣帶鞋",""
"1335","防具","紅扣帶鞋",""
"1336","防具","綠色蒂娜長靴",""
"1337","防具","藍色蒂娜長靴",""
"1338","防具","紅色蒂娜長靴",""
"1339","防具","黑色蒂娜長靴",""
"1340","防具","？",""
"1341","防具","力量盾牌",""
"1342","防具","敏捷盾牌",""
"1343","防具","幸運盾牌",""
"1344","防具","楓葉盾牌",""
"1345","防具","致命劍盾",""
"1346","防具","銀牙劍盾",""
"1347","防具","致命劍盾",""
"1348","防具","褐色洛基頭巾",""
"1349","防具","灰色克萊帽",""
"1350","防具","褐色水手頭巾",""
"1351","防具","褐色皮茲頭巾",""
"1352","防具","白色遠洋帽",""
"1353","防具","海藍水手頭巾",""
"1354","防具","紅色皇家頭巾",""
"1355","防具","褐色皮製遠洋帽",""
"1356","防具","紫色亞麻水手頭巾",""
"1357","防具","黑色海盜頭巾",""
"1358","防具","藍色船型帽",""
"1359","防具","紅色勇者頭巾",""
"1360","防具","黑色的航海帽",""
"1361","防具","海盜船長帽",""
"1362","防具"," 褐色洛基外套",""
"1363","防具"," 褐色皮外套",""
"1364","防具"," 褐色加勒比套裝",""
"1365","防具"," 褐色海盜服",""
"1366","防具"," 褐色無袖服",""
"1367","防具"," 藍色緊身衣",""
"1368","防具"," 紅色麻布衣",""
"1369","防具"," 綠色強化服",""
"1370","防具"," 紫色皇家套裝",""
"1371","防具"," 紅色威斯克套裝",""
"1372","防具"," 白色潘尼爾套裝",""
"1373","防具"," 白色馬其尼套裝",""
"1374","防具"," 紅色公爵套裝",""
"1375","防具"," 海盜船長套裝",""
"1376","防具","綠色皮手套",""
"1377","防具","褐色皮革手腕",""
"1378","防具","褐色堅固皮手腕",""
"1379","防具","金色護手",""
"1380","防具","褐色寶石手套",""
"1381","防具","褐色端恩手腕",""
"1382","防具","褐色羅伊斯手套",""
"1383","防具","黑色舒爾特手套",""
"1384","防具","黑色威斯克手套",""
"1385","防具","藍色伯爵手套",""
"1386","防具","紅色馬蒂爾手套",""
"1387","防具","黑色斯卡洛伯爵手套",""
"1388","防具","海盜船長手套",""
"1389","防具","褐色拖鞋",""
"1390","防具","褐色防滑涼鞋",""
"1391","防具","褐色木鞋",""
"1392","防具","褐色短皮靴",""
"1393","防具","褐色洛卡特鞋",""
"1394","防具","褐色尖頭皮鞋",""
"1395","防具","褐色強化皮靴",""
"1396","防具","黑色巴西里靴",""
"1397","防具","黑色航海靴",""
"1398","防具","藍色公爵靴",""
"1399","防具","黑色馬金斯靴",""
"1400","防具","黑色公爵靴",""
"1401","防具","海盜船長之靴",""
"1402","武器","劍",""
"1403","武器","玩具槌子",""
"1404","武器","藍色雨傘",""
"1405","武器","舊戰劍",""
"1406","武器","紙劍",""
"1407","武器","綠色雨傘",""
"1408","武器","大劍",""
"1409","武器","武士刀",""
"1410","武器","逆月刀",""
"1411","武器","海盜劍",""
"1412","武器","竹刀",""
"1413","武器","紫色雨傘",""
"1414","武器","太陽劍",""
"1415","武器","戰劍",""
"1416","武器","紅色鞭子",""
"1417","武器","楓葉之劍",""
"1418","武器","彎刀",""
"1419","武器","烈焰刃",""
"1420","武器","黃色雨傘",""
"1421","武器","黃沙之劍",""
"1422","武器","光線鞭子",""
"1423","武器","褐色雨傘",""
"1424","武器","楓葉戰劍",""
"1425","武器","樹藤鞭子",""
"1426","武器","英雄戰劍",""
"1427","武器","無名劍",""
"1428","武器","薄光劍",""
"1429","武器","七星劍",""
"1430","武器","樹靈之劍",""
"1431","武器","紅色雨傘",""
"1432","武器","奇型刀",""
"1433","武器","喇叭",""
"1434","武器","黑色雨傘",""
"1435","武器","真?楓葉巨傘",""
"1436","武器","火焰刀",""
"1437","武器","湯勺",""
"1438","武器","火靈之劍",""
"1439","武器","坲羅劍",""
"1440","武器","紫凌劍",""
"1441","武器","龍泉劍",""
"1442","武器","木球棍",""
"1443","武器","體溫計",""
"1444","武器","木劍",""
"1445","武器","幻木劍",""
"1446","武器","雙手劍",""
"1447","武器","鋼鐵劍",""
"1448","武器","鋁球棍",""
"1449","武器","大刀",""
"1450","武器","邪惡南瓜燈",""
"1451","武器","高原之劍",""
"1452","武器","半月巨刀",""
"1453","武器","狼牙棒",""
"1454","武器","日本地圖",""
"1455","武器","虎劍",""
"1456","武器","101模型",""
"1457","武器","無極劍",""
"1458","武器","諾瓦刀",""
"1459","武器","霸王劍",""
"1460","武器","亞歷山大之劍",""
"1461","武器","青雲劍",""
"1462","武器","雙手鐳劍",""
"1463","武器","斬魔刀",""
"1464","武器","赤焰刀",""
"1465","武器","龍背刃",""
"1466","武器","狂龍劍",""
"1467","武器","小斧",""
"1468","武器","雙刃斧",""
"1469","武器","戰鬥斧",""
"1470","武器","昆德拉斧頭",""
"1471","武器","鋰狂斧",""
"1472","武器","綠畫筆",""
"1473","武器","赤斧",""
"1474","武器","大斧",""
"1475","武器","青光斧",""
"1476","武器","呼啦圈",""
"1477","武器","樹靈之斧",""
"1478","武器","黑畫筆",""
"1479","武器","猛禽斧",""
"1480","武器","黃金斧",""
"1481","武器","花靈之斧",""
"1482","武器","雙利刃斧",""
"1483","武器","印地安戰斧",""
"1484","武器","狂龍斧",""
"1485","武器","鐵斧",""
"1486","武器","鐵製斧頭",""
"1487","武器","鋼鐵斧",""
"1488","武器","雙手斧",""
"1489","武器","重型巨斧",""
"1490","武器","綠蛇刀",""
"1491","武器","格鬥斧",""
"1492","武器","楓葉之斧",""
"1493","武器","太陽之斧",""
"1494","武器","光明斧",""
"1495","武器","雷電斧",""
"1496","武器","大力神之斧",""
"1497","武器","格洛斧",""
"1498","武器","雷神大斧",""
"1499","武器","龍王之斧",""
"1500","武器","棍棒",""
"1501","武器","藍花紋游泳圈",""
"1502","武器","鋼管",""
"1503","武器","鐵棍",""
"1504","武器","皮製手堤包",""
"1505","武器","紅色磚頭",""
"1506","武器","錘子",""
"1507","武器","鐵瓜錘",""
"1508","武器","方形鐵鏟",""
"1509","武器","公事包",""
"1510","武器","鋼錘",""
"1511","武器","三角鐵鏟",""
"1512","武器","紅花紋游泳圈",""
"1513","武器","世界肥肥圖鑑",""
"1514","武器","通通樂",""
"1515","武器","白銀之錘",""
"1516","武器","棒棒果",""
"1517","武器","米迦勒的平底鍋",""
"1518","武器","大戰鬥錘",""
"1519","武器","鐵釘錘",""
"1520","武器","紫游泳圈",""
"1521","武器","古代錘",""
"1522","武器","黑游泳圈",""
"1523","武器","旋風錘",""
"1524","武器","救生圈",""
"1525","武器","巨型錘",""
"1526","武器","鬼怪棍棒",""
"1527","武器","彩色游泳圈",""
"1528","武器","暴風錘",""
"1529","武器","黃金暴風錘",""
"1530","武器","釘頭錘",""
"1531","武器","毀滅之鎚",""
"1532","武器","海克利斯之錘",""
"1533","武器","龍頭鎚",""
"1534","武器","木鎚",""
"1535","武器","鋼鐵圓錘",""
"1536","武器","十字鎬",""
"1537","武器","方形錘子",""
"1538","武器","七夕彩竹",""
"1539","武器","板手",""
"1540","武器","清酒",""
"1541","武器","鋰礦錘",""
"1542","武器","大錘",""
"1543","武器","巨人錘",""
"1544","武器","楓葉戰鎚",""
"1545","武器","黃金鎚",""
"1546","武器","妖精之鎚",""
"1547","武器","封魂之錘",""
"1548","武器","雷神之錘",""
"1549","武器","鐳奧丁錘",""
"1550","武器","神匠之鎚",""
"1551","武器","龍之焰",""
"1552","武器","長槍",""
"1553","武器","紅色滑雪板",""
"1554","武器","叉槍",""
"1555","武器","精靈木槍",""
"1556","武器","海神叉",""
"1557","武器","海魚叉",""
"1558","武器","南瓜矛",""
"1559","武器","三支槍",""
"1560","武器","橙色滑雪板",""
"1561","武器","刺槍",""
"1562","武器","雙天戟",""
"1563","武器","楓葉之槍",""
"1564","武器","釣竿",""
"1565","武器","丈八蛇矛",""
"1566","武器","綠色滑雪板",""
"1567","武器","十字槍",""
"1568","武器","真?楓葉旗幟",""
"1569","武器","銀龍槍",""
"1570","武器","奧丁手戟",""
"1571","武器","天空滑雪板",""
"1572","武器","佛羅利刃",""
"1573","武器","火尖槍",""
"1574","武器","幻龍長槍",""
"1575","武器","天空雪板",""
"1576","武器","鐵戟",""
"1577","武器","滄海雪板",""
"1578","武器","黃色拖把",""
"1579","武器","紫色衝浪板",""
"1580","武器","藍鐵錘",""
"1581","武器","冷凍金槍魚",""
"1582","武器","幻影",""
"1583","武器","銀雪板",""
"1584","武器","拖把",""
"1585","武器","滑水板",""
"1586","武器","鋰礦戟",""
"1587","武器","斧戟",""
"1588","武器","黃金雪板",""
"1589","武器","藍色拖把",""
"1590","武器","月牙戟",""
"1591","武器","楓葉之矛",""
"1592","武器","藍色衝浪板",""
"1593","武器","黑雪板",""
"1594","武器","青龍偃月刀",""
"1595","武器","九龍刀",""
"1596","武器","綠色衝浪板",""
"1597","武器","赤血雪板",""
"1598","武器","方天戟",""
"1599","武器","純白拖把",""
"1600","武器","楓葉雪板",""
"1601","武器","黃龍刀",""
"1602","武器","月牙刀",""
"1603","武器","飛翔斧",""
"1604","武器","紅色衝浪板",""
"1605","武器","月靈戟",""
"1606","武器","阿基里斯斧",""
"1607","武器","赤龍長矛",""
"1608","武器","長弓",""
"1609","武器","綠林弓",""
"1610","武器","鋼鐵弓",""
"1611","武器","打獵弓",""
"1612","武器","戰鬥弓",""
"1613","武器","雷電",""
"1614","武器","火焰之弓",""
"1615","武器","暴風弓",""
"1616","武器","神楓之弓",""
"1617","武器","楓葉之弓",""
"1618","武器","天弓",""
"1619","武器","曹家之弓",""
"1620","武器","鳳凰之弓",""
"1621","武器","魔法破壞之弓",""
"1622","武器","真?楓葉之弓",""
"1623","武器","赤神弓",""
"1624","武器","青神弓",""
"1625","武器","黃神弓",""
"1626","武器","馬藍艾倫弓",""
"1627","武器","火焰艾倫弓",""
"1628","武器","黃金艾倫弓",""
"1629","武器","黑色艾倫弓",""
"1630","武器","梅杜斯",""
"1631","武器","藍色梅杜斯",""
"1632","武器","黑色梅杜斯",""
"1633","武器","白色雷鳥弓",""
"1634","武器","金色雷鳥弓",""
"1635","武器","黑色雷鳥弓",""
"1636","武器","龍形之弓",""
"1637","武器","弩弓",""
"1638","武器","戰鬥弩弓",""
"1639","武器","獵弩弓",""
"1640","武器","山羊弩",""
"1641","武器","鷹弩",""
"1642","武器","楓葉玉弩",""
"1643","武器","雙弦弩",""
"1644","武器","白銀弩",""
"1645","武器","楓葉之弩",""
"1646","武器","炎弩",""
"1647","武器","黃金弩",""
"1648","武器","真?楓葉之弩",""
"1649","武器","破天弩弓",""
"1650","武器","滄海弩弓",""
"1651","武器","炎帝弩弓",""
"1652","武器","金天弩弓",""
"1653","武器","黑暗弩弓",""
"1654","武器","火靈之弩",""
"1655","武器","紅可撒之弩",""
"1656","武器","黃可撒之弩",""
"1657","武器","黑可撒之弩",""
"1658","武器","白色獵鷹弓",""
"1659","武器","金色獵鷹弓",""
"1660","武器","黑色獵鷹弓",""
"1661","武器","飛龍弩",""
"1662","武器","刮鬍刀",""
"1663","武器","短刀",""
"1664","武器","聖誕樹",""
"1665","武器","三角刃",""
"1666","武器","戰鬥短刀",""
"1667","武器","三指刃",""
"1668","武器","牙刀",""
"1669","武器","飛影刃",""
"1670","武器","鋼短刀",""
"1671","武器","雙枝短刀",""
"1672","武器","偃月刃",""
"1673","武器","水晶刃",""
"1674","武器","半月刃",""
"1675","武器","太極扇",""
"1676","武器","暗影刃",""
"1677","武器","烏龍茶",""
"1678","武器","刺客短刀",""
"1679","武器","龍炎短劍",""
"1680","武器","楓葉短劍",""
"1681","武器","華氏短劍",""
"1682","武器","破碎刃",""
"1683","武器","雙股劍",""
"1684","武器","金蛇劍",""
"1685","武器","雙翼刃",""
"1686","武器","扇子",""
"1687","武器","真?楓葉鐵扇",""
"1688","武器","金剛刃",""
"1689","武器","鳳凰刃",""
"1690","武器","野外燒烤串",""
"1691","武器","小妖精刀",""
"1692","武器","黑精靈拳刃",""
"1693","武器","火靈之刃",""
"1694","武器","可撒之劍",""
"1695","武器","霸傑之刃",""
"1696","武器","赤玉短刀",""
"1697","武器","黃金雙刃",""
"1698","武器","烈風短刀",""
"1699","武器","阿拉伯彎刀",""
"1700","武器","拳套",""
"1701","武器","鋼鐵拳套",""
"1702","武器","鋰礦拳套",""
"1703","武器","黃金拳套",""
"1704","武器","青銅指虎",""
"1705","武器","鋼鐵指虎",""
"1706","武器","朱礦指虎",""
"1707","武器","狼牙",""
"1708","武器","鋼鐵鬥拳",""
"1709","武器","鋰礦鬥拳",""
"1710","武器","朱礦鬥拳",""
"1711","武器","青銅守護拳套",""
"1712","武器","銀守護拳套",""
"1713","武器","黑守護拳套",""
"1714","武器","楓葉指套",""
"1715","武器","鋼鐵護腕",""
"1716","武器","赤紅護腕",""
"1717","武器","朱礦護腕",""
"1718","武器","黑護腕",""
"1719","武器","楓葉拳套",""
"1720","武器","鋼鐵手甲",""
"1721","武器","赤紅手甲",""
"1722","武器","藍寶手甲",""
"1723","武器","黑手甲",""
"1724","武器","信玄",""
"1725","武器","青銅戰神拳套",""
"1726","武器","赤紅戰神拳套",""
"1727","武器","藍寶戰神拳套",""
"1728","武器","黑戰神拳套",""
"1729","武器","真?楓葉拳套",""
"1730","武器","黃閃電甲",""
"1731","武器","綠閃電甲",""
"1732","武器","藍閃電甲",""
"1733","武器","黑閃電甲",""
"1734","武器","龍之拳",""
"1735","武器","卡帝斯拳套",""
"1736","武器","克里斯拳套",""
"1737","武器","綠色龍牙拳刃",""
"1738","武器","藍色龍牙拳刃",""
"1739","武器","木製短杖",""
"1740","武器","竹杖",""
"1741","武器","高級木製短杖",""
"1742","武器","金屬短杖",""
"1743","武器","冰精短杖",""
"1744","武器","鋰礦短杖",""
"1745","武器","法師短杖",""
"1746","武器","妖精短杖",""
"1747","武器","水晶短杖",""
"1748","武器","路燈",""
"1749","武器","大魔法師短杖",""
"1750","武器","羽扇",""
"1751","武器","火焰之杖",""
"1752","武器","日本扇",""
"1753","武器","天使之翼",""
"1754","武器","鳳凰短杖",""
"1755","武器","聖權杖",""
"1756","武器","鬼頭杖",""
"1757","武器","聖龍短杖",""
"1758","武器","木製長杖",""
"1759","武器","祖母綠長杖",""
"1760","武器","藍寶石長杖",""
"1761","武器","古樹長杖",""
"1762","武器","法師長杖",""
"1763","武器","風輪長杖",""
"1764","武器","翡赤之杖",""
"1765","武器","楓葉之杖",""
"1766","武器","護法之杖",""
"1767","武器","楓葉法杖",""
"1768","武器","夜行權杖",""
"1769","武器","精靈長杖",""
"1770","武器","黃金杖",""
"1771","武器","孫家之杖",""
"1772","武器","白龍之杖",""
"1773","武器","楓葉智慧長杖",""
"1774","武器","魔靈之翼",""
"1775","武器","死靈法杖",""
"1776","武器","火靈之杖",""
"1777","武器","魔靈之魂",""
"1778","武器","椎茸",""
"1779","武器","怒濤之杖",""
"1780","武器","偃月長杖",""
"1781","武器","火雲長杖","火系魔法+125%,毒系魔法+110%"
"1782","武器","毒龍長杖","火系魔法+110%,毒系魔法+125%"
"1783","武器","冰魄長杖","冰系魔法+125%,雷系魔法+110%"
"1784","武器","狂雷長杖","冰系魔法+110%,雷系魔法+125%"
"1785","武器","龍骨長杖",""
"1786","武器","朱雀","火系魔法+125%,毒系魔法+110%"
"1787","武器","玄武","火系魔法+110%,毒系魔法+125%"
"1788","武器","白虎","冰系魔法+125%,雷系魔法+110%"
"1789","武器","青龍","冰系魔法+110%,雷系魔法+125%"
"1790","武器","~",""
"1791","武器","火槍",""
"1792","武器","迪林格火槍",""
"1793","武器","格蘭?火槍",""
"1794","武器","黃金火槍",""
"1795","武器","冷酷之心",""
"1796","武器","流星",""
"1797","武器","~",""
"1798","武器","銀月神射",""
"1799","武器","楓葉武",""
"1800","武器","拉斯菲特之槍",""
"1801","武器","灼熱地獄",""
"1802","武器","~",""
"1803","武器","深淵射手",""
"1804","武器","因弗蒂之槍",""
"1805","武器","調停者",""
"1806","武器","死亡協奏曲",""
"1807","武器","聖龍金槍",""
"1808","武器","鐵指虎",""
"1809","武器","加固皮手套",""
"1810","武器","雙棘拳套",""
"1811","武器","諾曼指虎",""
"1812","武器","精鋼拳套",""
"1813","武器","利刃拳套",""
"1814","武器","~",""
"1815","武器","尼奧札得毀滅拳套",""
"1816","武器","楓葉武",""
"1817","武器","惡魔之爪",""
"1818","武器","塞爾拉利刃拳套",""
"1819","武器","~",""
"1820","武器","拜爾毀滅拳套",""
"1821","武器","羅紗毀滅拳套",""
"1822","武器","吸血鬼之爪",""
"1823","武器","王者毀滅拳套",""
"1824","武器","龍王之爪",""
"1825","武器","~",""
"1826","道具","樹枝",""
"1827","道具","木柴",""
"1828","道具","圍棋盤",""
"1829","道具","怪物卡",""
"1830","道具","動物皮",""
"1831","道具","火焰羽毛",""
"1832","道具","堅硬的羽毛",""
"1833","道具","柔軟的羽毛",""
"1834","道具","黑羽毛",""
"1835","道具","信件",""
"1836","道具","冰塊",""
"1837","道具","異次元鑰匙",""
"1838","道具","通行證",""
"1839","道具","蝴蝶精的觸角",""
"1840","道具","鑰匙",""
"1841","道具","玩具城的船票",""
"1842","道具","海豚計程車使用卷",""
"1843","道具","妖精之翼",""
"1844","道具","銅幣",""
"1845","道具","金幣",""
"1846","道具","紙鈔",""
"1847","道具","錢袋",""
"1848","道具","鏡子",""
"1849","道具","臘封信件",""
"1850","道具","老舊的螺絲",""
"1851","道具","老舊的木板",""
"1852","道具","優惠卷",""
"1853","道具","天空之城的船票",""
"1854","道具","神木村船票",""
"1855","道具","守護聖水",""
"1856","道具","舊金錶",""
"1857","道具","溫斯頓的推薦書",""
"1858","道具","化石箱",""
"1859","道具","變異菇菇的血",""
"1860","道具","奇怪的藥",""
"1861","道具","閃耀之石",""
"1862","道具","艾斯達的特製醬汁",""
"1863","道具","鍋子",""
"1864","道具","鏟子",""
"1865","道具","鮭魚",""
"1866","道具","鯉魚",""
"1867","道具","銀魚",""
"1868","道具","旗魚",""
"1869","道具","神秘召喚袋",""
"1870","道具","機器人召喚袋",""
"1871","道具","木馬士兵召喚袋",""
"1872","道具","綠水靈/菇菇五子棋",""
"1873","道具","綠水靈/三眼章魚五子棋",""
"1874","道具","綠水靈/肥肥五子棋",""
"1875","道具","三眼章魚/菇菇五子棋",""
"1876","道具","弓製造方法","記載著製作武器的文書，可以用來製作武器。"
"1877","道具","矛製造方法","記載著製作武器的文書，可以用來製作武器。"
"1878","道具","弩製造方法","記載著製作武器的文書，可以用來製作武器。"
"1879","道具","長杖製造方法","記載著製作武器的文書，可以用來製作武器。"
"1880","道具","拳套製造方法","記載著製作武器的文書，可以用來製作武器。"
"1881","道具","單手斧製造方法","記載著製作武器的文書，可以用來製作武器。"
"1882","道具","單手棍製造方法","記載著製作武器的文書，可以用來製作武器。"
"1883","道具","單手劍製造方法","記載著製作武器的文書，可以用來製作武器。"
"1884","道具","短杖製造方法","記載著製作武器的文書，可以用來製作武器。"
"1885","道具","槍製造方法","記載著製作武器的文書，可以用來製作武器。"
"1886","道具","雙手斧製造方法","記載著製作武器的文書，可以用來製作武器。"
"1887","道具","雙手棍製造方法","記載著製作武器的文書，可以用來製作武器。"
"1888","道具","雙手劍製造方法","記載著製作武器的文書，可以用來製作武器。"
"1889","道具","盾製造方法","記載著製作武器的文書，可以用來製作武器。"
"1890","道具","短劍製造方法","記載著製作武器的文書，可以用來製作武器。"
"1891","道具","弓製作催化劑","在製作武器及裝備可以改變原本素質，有可能變好也有可能變差。"
"1892","道具","矛製作催化劑","在製作武器及裝備可以改變原本素質，有可能變好也有可能變差。"
"1893","道具","弩製作催化劑","在製作武器及裝備可以改變原本素質，有可能變好也有可能變差。"
"1894","道具","長杖製作催化劑","在製作武器及裝備可以改變原本素質，有可能變好也有可能變差。"
"1895","道具","拳套製作催化劑","在製作武器及裝備可以改變原本素質，有可能變好也有可能變差。"
"1896","道具","單手斧製作催化劑","在製作武器及裝備可以改變原本素質，有可能變好也有可能變差。"
"1897","道具","單手棍製作催化劑","在製作武器及裝備可以改變原本素質，有可能變好也有可能變差。"
"1898","道具","單手劍製作催化劑","在製作武器及裝備可以改變原本素質，有可能變好也有可能變差。"
"1899","道具","短杖製作催化劑","在製作武器及裝備可以改變原本素質，有可能變好也有可能變差。"
"1900","道具","槍製作催化劑","在製作武器及裝備可以改變原本素質，有可能變好也有可能變差。"
"1901","道具","雙手斧製作催化劑","在製作武器及裝備可以改變原本素質，有可能變好也有可能變差。"
"1902","道具","雙手棍製作催化劑","在製作武器及裝備可以改變原本素質，有可能變好也有可能變差。"
"1903","道具","雙手劍製作催化劑","在製作武器及裝備可以改變原本素質，有可能變好也有可能變差。"
"1904","道具","短劍製作催化劑","在製作武器及裝備可以改變原本素質，有可能變好也有可能變差。"
"1905","道具","手套製作催化劑","在製作武器及裝備可以改變原本素質，有可能變好也有可能變差。"
"1906","道具","鞋子製作催化劑","在製作武器及裝備可以改變原本素質，有可能變好也有可能變差。"
"1907","道具","木材","經常用來製作裝備或武器的材料。"
"1908","道具","螺絲釘","經常用來製作裝備或武器的材料。"
"1909","道具","[通用] 楓葉祝褔技能書Lv20",""
"1910","道具","[通用] 楓葉淨化技能書Lv10",""
"1911","道具","[劍士] 武神防禦技能書Lv20",""
"1912","道具","[劍士] 武神防禦技能書Lv30",""
"1913","道具","[劍士] 格擋技能書Lv10",""
"1914","道具","[劍士] 格擋技能書Lv20",""
"1915","道具","[劍士] 格擋技能書Lv30",""
"1916","道具","[劍士] 絕對引力技能書Lv20",""
"1917","道具","[劍士] 絕對引力技能書Lv30",""
"1918","道具","[劍士] 究極突刺技能書Lv10",""
"1919","道具","[劍士] 究極突刺技能書Lv20",""
"1920","道具","[劍士] 究極突刺技能書Lv30",""
"1921","道具","[劍士] 究極神盾技能書Lv10",""
"1922","道具","[劍士] 究極神盾技能書Lv20",""
"1923","道具","[劍士] 究極神盾技能書Lv30",""
"1924","道具","[英雄] 進階鬥氣技能書Lv10",""
"1925","道具","[英雄] 進階鬥氣技能書Lv20",""
"1926","道具","[英雄] 進階鬥氣技能書Lv30",""
"1927","道具","[英雄] 無雙劍舞技能書Lv20",""
"1928","道具","[英雄] 無雙劍舞技能書Lv30",""
"1929","道具","[英雄] 鬥氣爆發技能書Lv10",""
"1930","道具","[英雄] 鬥氣爆發技能書Lv20",""
"1931","道具","[英雄] 鬥氣爆發技能書Lv30",""
"1932","道具","[聖騎士] 聖靈之劍/棍技能書Lv10",""
"1933","道具","[聖騎士] 聖靈之劍/棍技能書Lv20",""
"1934","道具","[聖騎士] 屬性強化技能書Lv10",""
"1935","道具","[聖騎士] 騎士衝擊波技能書Lv20",""
"1936","道具","[聖騎士] 騎士衝擊波技能書Lv30",""
"1937","道具","[聖騎士] 鬼神之擊技能書Lv10",""
"1938","道具","[聖騎士] 鬼神之擊技能書Lv20",""
"1939","道具","[聖騎士] 鬼神之擊技能書Lv30",""
"1940","道具","[黑騎士] 黑暗力量技能書Lv10",""
"1941","道具","[黑騎士] 黑暗力量技能書Lv20",""
"1942","道具","[黑騎士] 黑暗力量技能書Lv30",""
"1943","道具","[黑騎士] 闇靈治癒技能書Lv10",""
"1944","道具","[黑騎士] 闇靈治癒技能書Lv20",""
"1945","道具","[黑騎士] 闇靈治癒技能書Lv30",""
"1946","道具","[黑騎士] 黑暗守護技能書Lv10",""
"1947","道具","[黑騎士] 黑暗守護技能書Lv20",""
"1948","道具","[黑騎士] 黑暗守護技能書Lv30",""
"1949","道具","[法師] 核爆術技能書Lv20",""
"1950","道具","[法師] 核爆術技能書Lv30",""
"1951","道具","[法師] 魔力無限技能書Lv10",""
"1952","道具","[法師] 魔力無限技能書Lv20",""
"1953","道具","[法師] 魔力無限技能書Lv30",""
"1954","道具","[法師] 魔法反射技能書Lv20",""
"1955","道具","[法師] 魔法反射技能書Lv30",""
"1956","道具","[主教] 聖盾護鎧技能書Lv20",""
"1957","道具","[主教] 聖盾護鎧技能書Lv30",""
"1958","道具","[主教] 召喚神龍技能書Lv10",""
"1959","道具","青銅","可以用來製作武器及裝備。"
"1960","道具","鋼鐵","可以用來製作武器及裝備。"
"1961","道具","紫礦石","可以用來製作武器及裝備。"
"1962","道具","鋰礦石","可以用來製作武器及裝備。"
"1963","道具","銀","可以用來製作武器及裝備。"
"1964","道具","朱礦石","可以用來製作武器及裝備。"
"1965","道具","黃金","可以用來製作武器及裝備。"
"1966","道具","紫水晶","可以用來製作武器及裝備。"
"1967","道具","黃晶","可以用來製作武器及裝備。"
"1968","道具","鑽石","可以用來製作武器及裝備。"
"1969","道具","祖母綠","可以用來製作武器及裝備。"
"1970","道具","石榴石","可以用來製作武器及裝備。"
"1971","道具","蛋白石","可以用來製作武器及裝備。"
"1972","道具","藍寶石","可以用來製作武器及裝備。"
"1973","道具","海藍石","可以用來製作武器及裝備。"
"1974","道具","黑水晶","可以用來製作武器及裝備。"
"1975","道具","力量水晶","可以用來製作武器及裝備。"
"1976","道具","幸運水晶","可以用來製作武器及裝備。"
"1977","道具","智慧水晶","可以用來製作武器及裝備。"
"1978","道具","敏捷水晶","可以用來製作武器及裝備。"
"1979","道具","黑暗水晶","可以用來製作武器及裝備。"
"1980","道具","月石","可以用來製作武器及裝備。"
"1981","道具","星石","可以用來製作武器及裝備。"
"1982","道具","召喚石","使用在施放高級召喚類技能。"
"1983","道具","魔法石","使用在施放高級魔法類技能。"
"1984","道具","龍魂石","可以用來製作武器及裝備。"
"1985","道具","龍鱗","可以用來製作武器及裝備。"
"1986","道具","青銅母礦","可以用來製作成礦。"
"1987","道具","鋼鐵母礦","可以用來製作成礦。"
"1988","道具","紫礦石母礦","可以用來製作成礦。"
"1989","道具","鋰礦石母礦","可以用來製作成礦。"
"1990","道具","銀的母礦","可以用來製作成礦。"
"1991","道具","朱礦石母礦","可以用來製作成礦。"
"1992","道具","黃金母礦","可以用來製作成礦。"
"1993","道具","紫水晶母礦","可以用來製作成礦。"
"1994","道具","黃晶母礦","可以用來製作成礦。"
"1995","道具","鑽石母礦","可以用來製作成礦。"
"1996","道具","祖母綠母礦","可以用來製作成礦。"
"1997","道具","石榴石母礦","可以用來製作成礦。"
"1998","道具","蛋白石母礦","可以用來製作成礦。"
"1999","道具","藍寶石母礦","可以用來製作成礦。"
"2000","道具","海藍石母礦","可以用來製作成礦。"
"2001","道具","黑水晶母礦","可以用來製作成礦。"
"2002","道具","力量水晶母礦","可以用來製作成礦。"
"2003","道具","幸運水晶母礦","可以用來製作成礦。"
"2004","道具","智慧水晶母礦","可以用來製作成礦。"
"2005","道具","敏捷水晶母礦","可以用來製作成礦。"
"2006","道具","黑暗水晶母礦","可以用來製作成礦。"
"2007","道具","字母餅乾A",""
"2008","道具","字母餅乾B",""
"2009","道具","字母餅乾C",""
"2010","道具","字母餅乾D",""
"2011","道具","字母餅乾E",""
"2012","道具","字母餅乾F",""
"2013","道具","字母餅乾G",""
"2014","道具","字母餅乾H",""
"2015","道具","字母餅乾I",""
"2016","道具","字母餅乾J",""
"2017","道具","字母餅乾K",""
"2018","道具","字母餅乾L",""
"2019","道具","字母餅乾M",""
"2020","道具","字母餅乾N",""
"2021","道具","字母餅乾O",""
"2022","道具","字母餅乾P",""
"2023","道具","字母餅乾Q",""
"2024","道具","字母餅乾R",""
"2025","道具","字母餅乾S",""
"2026","道具","字母餅乾T",""
"2027","道具","字母餅乾U",""
"2028","道具","字母餅乾V",""
"2029","道具","字母餅乾W",""
"2030","道具","字母餅乾X",""
"2031","道具","字母餅乾Y",""
"2032","道具","字母餅乾Z",""
"2033","道具","頭盔防禦卷軸10%","防禦力+5,魔法防禦力+3,命中率+1"
"2034","道具","頭盔生命卷軸10%","HP+30"
"2035","道具","耳環智力卷軸10%","魔法攻擊力+5,智力+3,魔法防禦力+1"
"2036","道具","上衣防禦卷軸10%","防禦力+5,魔法防禦力+3,HP+10"
"2037","道具","褲/裙防禦卷軸10%","防禦力+5,魔法防禦力+3,HP+10"
"2038","道具","套服防禦卷軸10%","防禦力+5,魔法防禦力+3,HP+10"
"2039","道具","套服敏捷卷軸10%","敏捷+5,命中率+3,移動速度+1"
"2040","道具","套服智力卷軸10%","智力+5,魔法防禦力+3,MP+10"
"2041","道具","套服幸運卷軸10%","幸運+5,迴避率+3,命中率+1"
"2042","道具","鞋子敏捷卷軸10%","迴避率+5,命中率+3,移動速度+1"
"2043","道具","鞋子跳躍卷軸10%","跳躍力+5,敏捷+3,移動速度+1"
"2044","道具","鞋子速度卷軸10%","移動速度+3"
"2045","道具","手套敏捷卷軸10%","命中率+5,敏捷+3,迴避率+1"
"2046","道具","手套攻擊卷軸10%","攻擊力+3"
"2047","道具","盾牌防禦卷軸10%","防禦力+5,魔法防禦力+3,HP+10"
"2048","道具","披風魔防卷軸10%","防禦力+3,魔法防禦力+5,MP+10"
"2049","道具","披風防禦卷軸10%","防禦力+5,魔法防禦力+3,HP+10"
"2050","道具","披風生命卷軸10%","HP+20"
"2051","道具","披風魔力卷軸10%","MP+20"
"2052","道具","披風力量卷軸10%","力量+3"
"2053","道具","披風智力卷軸10%","智力+3"
"2054","道具","披風敏捷卷軸10%","敏捷+3"
"2055","道具","披風幸運卷軸10%","幸運+3"
"2056","道具","單手劍攻擊卷軸10%","攻擊力+5,力量+3,防禦力+1"
"2057","道具","單手斧攻擊卷軸10%","攻擊力+5,力量+3,防禦力+1"
"2058","道具","單手棍攻擊卷軸10%","攻擊力+5,力量+3,防禦力+1"
"2059","道具","雙手劍攻擊卷軸10%","攻擊力+5,力量+3,防禦力+1"
"2060","道具","雙手斧攻擊卷軸10%","攻擊力+5,力量+3,防禦力+1"
"2061","道具","雙手棍攻擊卷軸10%","攻擊力+5,力量+3,防禦力+1"
"2062","道具","槍攻擊卷軸10%","攻擊力+5,力量+3,防禦力+1"
"2063","道具","矛攻擊卷軸10%","攻擊力+5,力量+3,防禦力+1"
"2064","道具","短劍攻擊卷軸10%","攻擊力+5,幸運+3,防禦力+1"
"2065","道具","拳套攻擊卷軸10%","攻擊力+5,命中率+3,幸運+1"
"2066","道具","弓攻擊卷軸10%","攻擊力+5,命中率+3,敏捷+1"
"2067","道具","弩攻擊卷軸10%","攻擊力+5,命中率+3,敏捷+1"
"2068","道具","短杖魔力卷軸10%","魔法攻擊力+5,智力+3,魔法防禦力+1"
"2069","道具","長杖魔力卷軸10%","魔力攻擊力+5,智力+3,魔法防禦力+1"
"2070","道具","寵物跳躍卷軸10%","跳躍力+3"
"2071","道具","寵物速度卷軸10%","速度+3"
"2072","道具","火槍攻擊卷軸10%",""
"2073","道具","指虎攻擊卷軸10%",""
"2074","道具","頭盔防禦詛咒卷軸30%","防禦力+5,魔法防禦力+3,命中率+1"
"2075","道具","頭盔生命詛咒卷軸30%","HP+30"
"2076","道具","頭盔智力詛咒卷軸30%","智力+3"
"2077","道具","頭盔命中詛咒卷軸30%","敏捷+2,命中率+4"
"2078","道具","耳環智力詛咒卷軸30%","魔法攻擊力+5,智力+3,魔法防禦力+1"
"2079","道具","耳環敏捷詛咒卷軸30%","敏捷+3"
"2080","道具","上衣防禦詛咒卷軸30%","防禦力+5,魔法防禦力+3,HP+10"
"2081","道具","上衣生命詛咒卷軸30%","HP+30"
"2082","道具","上衣力量詛咒卷軸30%","力量+3"
"2083","道具","褲/裙防禦詛咒卷軸30%","防禦力+5,魔法防禦力+3,HP+10"
"2084","道具","褲/裙生命詛咒卷軸30%","HP+30"
"2085","道具","褲/裙跳躍詛咒卷軸30%","跳躍力+4,迴避+2"
"2086","道具","褲/裙敏捷詛咒卷軸30%","敏捷+3,移動速度+3"
"2087","道具","褲/裙幸運詛咒卷軸30%","幸運+3,迴避率+3"
"2088","道具","套服防禦詛咒卷軸30%","防禦力+5,魔法防禦力+3,HP+10"
"2089","道具","套服敏捷詛咒卷軸30%","敏捷+5,命中率+3,移動速度+1"
"2090","道具","套服智力詛咒卷軸30%","智力+5,魔法防禦力+3,MP+10"
"2091","道具","套服幸運詛咒卷軸30%","幸運+5,迴避率+3,命中率+1"
"2092","道具","鞋子敏捷詛咒卷軸30%","迴避率+5,命中率+3,移動速度+1"
"2093","道具","鞋子跳躍詛咒卷軸30%","跳躍力+5,敏捷+3,移動速度+1"
"2094","道具","鞋子速度詛咒卷軸30%","移動速度+3"
"2095","道具","手套敏捷詛咒卷軸30%","命中率+5,敏捷+3,迴避率+1"
"2096","道具","手套攻擊詛咒卷軸30%","攻擊力+3"
"2097","道具","手套魔力詛咒卷軸30%","智力+3,魔法攻擊力+3"
"2098","道具","手套生命詛咒卷軸30%","HP+30"
"2099","道具","盾牌防禦詛咒卷軸30%","防禦力+5,魔法防禦力+3,HP+10"
"2100","道具","盾牌幸運詛咒卷軸30%","幸運+3"
"2101","道具","盾牌生命詛咒卷軸30%","HP+30"
"2102","道具","披風魔防詛咒卷軸30%","防禦力+3,魔法防禦力+5,MP+10"
"2103","道具","披風防禦詛咒卷軸30%","防禦力+5,魔法防禦力+3,HP+10"
"2104","道具","披風生命詛咒卷軸30%","HP+20"
"2105","道具","披風魔力詛咒卷軸30%","MP+20"
"2106","道具","披風力量詛咒卷軸30%","力量+3"
"2107","道具","披風智力詛咒卷軸30%","智力+3"
"2108","道具","披風敏捷詛咒卷軸30%","敏捷+3"
"2109","道具","披風幸運詛咒卷軸30%","幸運+3"
"2110","道具","單手劍攻擊詛咒卷軸30%","攻擊力+5,力量+3,防禦力+1"
"2111","道具","單手斧攻擊詛咒卷軸30%","攻擊力+5,力量+3,防禦力+1"
"2112","道具","單手棍攻擊詛咒卷軸30%","攻擊力+5,力量+3,防禦力+1"
"2113","道具","單手劍魔力詛咒卷軸30%","智力+2,魔法攻擊力+2"
"2114","道具","雙手劍攻擊詛咒卷軸30%","攻擊力+5,力量+3,防禦力+1"
"2115","道具","雙手斧攻擊詛咒卷軸30%","攻擊力+5,力量+3,防禦力+1"
"2116","道具","雙手棍攻擊詛咒卷軸30%","攻擊力+5,力量+3,防禦力+1"
"2117","道具","槍攻擊詛咒卷軸30%","攻擊力+5,力量+3,防禦力+1"
"2118","道具","矛攻擊詛咒卷軸30%","攻擊力+5,力量+3,防禦力+1"
"2119","道具","短劍攻擊詛咒卷軸30%","攻擊力+5,幸運+3,防禦力+1"
"2120","道具","拳套攻擊詛咒卷軸30%","攻擊力+5,命中率+3,幸運+1"
"2121","道具","弓攻擊詛咒卷軸30%","攻擊力+5,命中率+3,敏捷+1"
"2122","道具","弩攻擊詛咒卷軸30%","攻擊力+5,命中率+3,敏捷+1"
"2123","道具","短杖魔力詛咒卷軸30%","魔法攻擊力+5,智力+3,魔法防禦力+1"
"2124","道具","頭盔防禦卷軸60%","防禦力+2,魔法防禦力+1"
"2125","道具","頭盔生命卷軸60%","HP+10"
"2126","道具","耳環智力卷軸60%","魔法攻擊力+2,智力+1"
"2127","道具","上衣防禦卷軸60%","防禦力+2,魔法防禦力+1"
"2128","道具","褲/裙防禦卷軸60%","防禦力+2,魔法防禦力+1"
"2129","道具","套服防禦卷軸60%","防禦力+2,魔法防禦力+1"
"2130","道具","套服敏捷卷軸60%","敏捷+2,命中率+1"
"2131","道具","套服智力卷軸60%","智力+2,魔法防禦力+1"
"2132","道具","套服幸運卷軸60%","幸運+2,迴避率+1"
"2133","道具","鞋子敏捷卷軸60%","迴避率+2,命中率+1"
"2134","道具","鞋子跳躍卷軸60%","跳躍力+2,敏捷+1"
"2135","道具","鞋子速度卷軸60%","移動速度+2"
"2136","道具","手套敏捷卷軸60%","命中率+2,敏捷+1"
"2137","道具","手套攻擊卷軸60%","攻擊力+2"
"2138","道具","盾牌防禦卷軸60%","防禦力+2,魔法防禦力+1"
"2139","道具","披風魔防卷軸60%","防禦力+1,魔法防禦力+2"
"2140","道具","披風防禦卷軸60%","防禦力+3,魔法防禦力+1"
"2141","道具","披風生命卷軸60%","HP+10"
"2142","道具","披風魔力卷軸60%","MP+10"
"2143","道具","披風力量卷軸60%","力量+2"
"2144","道具","披風智力卷軸60%","智力+2"
"2145","道具","披風敏捷卷軸60%","敏捷+2"
"2146","道具","披風幸運卷軸60%","幸運+2"
"2147","道具","單手劍攻擊卷軸60%","攻擊力+2,力量+1"
"2148","道具","單手斧攻擊卷軸60%","攻擊力+2,力量+1"
"2149","道具","單手棍攻擊卷軸60%","攻擊力+2,力量+1"
"2150","道具","雙手劍攻擊卷軸60%","攻擊力+2,力量+1"
"2151","道具","雙手斧攻擊卷軸60%","攻擊力+2,力量+1"
"2152","道具","雙手棍攻擊卷軸60%","攻擊力+2,力量+1"
"2153","道具","槍攻擊卷軸60%","攻擊力+2,力量+1"
"2154","道具","矛攻擊卷軸60%","攻擊力+2,力量+1"
"2155","道具","短劍攻擊卷軸60%","攻擊力+2,幸運+1"
"2156","道具","拳套攻擊卷軸60%","攻擊力+2,命中率+1"
"2157","道具","弓攻擊卷軸60%","攻擊力+2,命中率+1"
"2158","道具","弩攻擊卷軸60%","攻擊力+2,命中率+1"
"2159","道具","短杖魔力卷軸60%","魔法攻擊力+2,智力+1"
"2160","道具","長杖魔力卷軸60%","魔力攻擊力+2,智力+1"
"2161","道具","寵物跳躍卷軸60%","跳躍力+2"
"2162","道具","寵物速度卷軸60%","速度+2"
"2163","道具","臉部裝飾生命卷軸60%","HP+15"
"2164","道具","眼部裝飾命中率卷軸60%","命中率+2"
"2165","道具","頭盔防禦詛咒卷軸70%","防禦力+2,魔法防禦力+1"
"2166","道具","頭盔生命詛咒卷軸70%","HP+10"
"2167","道具","頭盔智力詛咒卷軸70%","智力+2"
"2168","道具","頭盔命中詛咒卷軸70%","敏捷+1,命中率+2"
"2169","道具","耳環智力詛咒卷軸70%","魔法攻擊力+2,智力+1"
"2170","道具","耳環敏捷詛咒卷軸70%","敏捷+2"
"2171","道具","上衣防禦詛咒卷軸70%","防禦力+2,魔法防禦力+1"
"2172","道具","上衣生命詛咒卷軸70%","HP+10"
"2173","道具","上衣力量詛咒卷軸70%","力量+2"
"2174","道具","褲/裙防禦詛咒卷軸70%","防禦力+2,魔法防禦力+1"
"2175","道具","褲/裙生命詛咒卷軸70%","HP+10"
"2176","道具","褲/裙跳躍詛咒卷軸70%","跳躍力+2,迴避+1"
"2177","道具","褲/裙敏捷詛咒卷軸70%","敏捷+2,移動速度+1"
"2178","道具","褲/裙幸運詛咒卷軸70%","幸運+2,迴避率+1"
"2179","道具","套服防禦詛咒卷軸70%","防禦力+2,魔法防禦力+1"
"2180","道具","套服敏捷詛咒卷軸70%","敏捷+2,命中率+1"
"2181","道具","套服智力詛咒卷軸70%","智力+2,魔法防禦力+1"
"2182","道具","套服幸運詛咒卷軸70%","幸運+2,迴避率+1"
"2183","道具","鞋子敏捷詛咒卷軸70%","迴避率+2,命中率+1"
"2184","道具","鞋子跳躍詛咒卷軸70%","跳躍力+2,敏捷+1"
"2185","道具","鞋子速度詛咒卷軸70%","移動速度+2"
"2186","道具","手套敏捷詛咒卷軸70%","命中率+2,敏捷+1"
"2187","道具","手套攻擊詛咒卷軸70%","攻擊力+2"
"2188","道具","手套魔力詛咒卷軸70%","??"
"2189","道具","手套生命詛咒卷軸70%","HP+10"
"2190","道具","盾牌防禦詛咒卷軸70%","防禦力+2,魔法防禦力+1"
"2191","道具","盾牌幸運詛咒卷軸70%","幸運+2"
"2192","道具","盾牌生命詛咒卷軸70%","HP+10"
"2193","道具","披風魔防詛咒卷軸70%","防禦力+1,魔法防禦力+2"
"2194","道具","披風防禦詛咒卷軸70%","防禦力+3,魔法防禦力+1"
"2195","道具","披風生命詛咒卷軸70%","HP+10"
"2196","道具","披風魔力詛咒卷軸70%","MP+10"
"2197","道具","披風力量詛咒卷軸70%","力量+2"
"2198","道具","披風智力詛咒卷軸70%","智力+2"
"2199","道具","披風敏捷詛咒卷軸70%","敏捷+2"
"2200","道具","披風幸運詛咒卷軸70%","幸運+2"
"2201","道具","單手劍攻擊詛咒卷軸70%","攻擊力+2,力量+1"
"2202","道具","單手斧攻擊詛咒卷軸70%","攻擊力+2,力量+1"
"2203","道具","單手棍攻擊詛咒卷軸70%","攻擊力+2,力量+1"
"2204","道具","單手劍魔力詛咒卷軸70%","智力+1,魔法攻擊力+1"
"2205","道具","雙手劍攻擊詛咒卷軸70%","攻擊力+2,力量+1"
"2206","道具","雙手斧攻擊詛咒卷軸70%","攻擊力+2,力量+1"
"2207","道具","雙手棍攻擊詛咒卷軸70%","攻擊力+2,力量+1"
"2208","道具","槍攻擊詛咒卷軸70%","攻擊力+2,力量+1"
"2209","道具","矛攻擊詛咒卷軸70%","攻擊力+2,力量+1"
"2210","道具","短劍攻擊詛咒卷軸70%","攻擊力+2,幸運+1"
"2211","道具","拳套攻擊詛咒卷軸70%","攻擊力+2,命中率+1"
"2212","道具","弓攻擊詛咒卷軸70%","攻擊力+2,命中率+1"
"2213","道具","弩攻擊詛咒卷軸70%","攻擊力+2,命中率+1"
"2214","道具","短杖魔力詛咒卷軸70%","魔法攻擊力+2,智力+1"
"2215","道具","頭盔防禦卷軸100%","防禦力+1"
"2216","道具","頭盔生命卷軸100%","HP+5"
"2217","道具","耳環智力卷軸100%","魔法攻擊力+1"
"2218","道具","上衣防禦卷軸100%","防禦力+1"
"2219","道具","褲/裙防禦卷軸100%","防禦力+1"
"2220","道具","套服防禦卷軸100%","防禦力+1"
"2221","道具","套服敏捷卷軸100%","敏捷+1"
"2222","道具","套服智力卷軸100%","智力+1"
"2223","道具","套服幸運卷軸100%","幸運+1"
"2224","道具","鞋子敏捷卷軸100%","迴避率+1"
"2225","道具","鞋子跳躍卷軸100%","跳躍力+1"
"2226","道具","鞋子速度卷軸100%","移動速度+1"
"2227","道具","手套敏捷卷軸100%","命中率+1"
"2228","道具","手套攻擊卷軸100%","攻擊力+1"
"2229","道具","盾牌防禦卷軸100%","防禦力+1"
"2230","道具","披風魔防卷軸100%","魔法防禦力+1"
"2231","道具","披風防禦卷軸100%","防禦力+1"
"2232","道具","披風生命卷軸100%","HP+5"
"2233","道具","披風魔力卷軸100%","MP+5"
"2234","道具","披風力量卷軸100%","力量+1"
"2235","道具","披風智力卷軸100%","智力+1"
"2236","道具","披風敏捷卷軸100%","敏捷+1"
"2237","道具","披風幸運卷軸100%","幸運+1"
"2238","道具","單手劍攻擊卷軸100%","攻擊力+1"
"2239","道具","單手斧攻擊卷軸100%","攻擊力+1"
"2240","道具","單手棍攻擊卷軸100%","攻擊力+1"
"2241","道具","雙手劍攻擊卷軸100%","攻擊力+1"
"2242","道具","雙手斧攻擊卷軸100%","攻擊力+1"
"2243","道具","雙手棍攻擊卷軸100%","攻擊力+1"
"2244","道具","槍攻擊卷軸100%","攻擊力+1"
"2245","道具","矛攻擊卷軸100%","攻擊力+1"
"2246","道具","短劍攻擊卷軸100%","攻擊力+1"
"2247","道具","拳套攻擊卷軸100%","攻擊力+1"
"2248","道具","弓攻擊卷軸100%","攻擊力+1"
"2249","道具","弩攻擊卷軸100%","攻擊力+1"
"2250","道具","短杖魔力卷軸100%","魔法攻擊力+1"
"2251","道具","長杖魔力卷軸100%","魔力攻擊力+1"
"2252","道具","寵物跳躍卷軸100%","跳躍力+1"
"2253","道具","寵物速度卷軸100%","速度+1"
"2254","道具","項鍊力量卷軸100%",""
"2255","道具","項鍊幸運卷軸100%",""
"2256","道具","精力劑","解除【虛弱】的狀態"
"2257","道具","小豆粥","15分鐘內，可解除在雪地時每10秒會降低HP的狀態"
"2258","道具","聖水","解除【封印】,【詛咒】的狀態"
"2259","道具","解毒劑","解除【中毒】的狀態"
"2260","道具","眼藥水","解除【黑暗】的狀態"
"2261","道具","萬能療傷藥","解除所有異常狀態"
"2262","道具","氣泡","15分鐘內，可解除在水中時每10秒會降低HP的狀態"
"2263","道具","紅色藥水","HP+50"
"2264","道具","橙色藥水","HP+150"
"2265","道具","白色藥水","HP+300"
"2266","道具","藍色藥水","MP+100"
"2267","道具","活力藥水","MP+300"
"2268","道具","特殊藥水","HP+50%,MP+50%"
"2269","道具","超級藥水","HP+100%,MP+100%"
"2270","道具","紅色藥丸","HP+50"
"2271","道具","橙色藥丸","HP+150"
"2272","道具","白色藥丸","HP+300"
"2273","道具","藍色藥丸","MP+100"
"2274","道具","活力藥丸","MP+300"
"2275","道具","蘋果","HP+30"
"2276","道具","雞蛋","HP+50"
"2277","道具","柳橙","MP+50"
"2278","道具","檸檬","MP+150"
"2279","道具","蛋糕","HP+100,MP+100"
"2280","道具","沙拉","MP+200"
"2281","道具","烤肉","HP+100"
"2282","道具","炸雞","HP+200"
"2283","道具","大熱狗","HP+300"
"2284","道具","披薩","HP+400"
"2285","道具","漢堡","HP+400"
"2286","道具","熱狗堡","HP+500"
"2287","道具","烤鰻魚","HP+1000"
"2288","道具","柳橙汁","MP+450"
"2289","道具","礦泉水","MP+800"
"2290","道具","葡萄汁","MP+900"
"2291","道具","魷魚乾","HP+600"
"2292","道具","起司蛋糕","HP+1200,MP+1200"
"2293","道具","巧克力蛋糕","HP+1800,MP+1800"
"2294","道具","草莓鮮奶油蛋糕","HP+1400,MP+1400"
"2295","道具","巧克力鮮奶油蛋糕","HP+1600,MP+1600"
"2296","道具","慶生月蛋糕","HP+50%,MP+50%"
"2297","道具","西瓜","HP+1000,MP+1000"
"2298","道具","香腸","HP+1200"
"2299","道具","乳酪","HP+4000"
"2300","道具","馴鹿奶","HP+5000"
"2301","道具","棒冰棒","HP+2000"
"2302","道具","紅豆刨冰","MP+2000"
"2303","道具","清晨之露","MP+4000"
"2304","道具","黃昏之露","MP+5000"
"2305","道具","食人花的花蜜","HP+1000,MP+1000"
"2306","道具","雞排","HP+50%"
"2307","道具","春捲","MP+50%"
"2308","道具","壽司(鮪魚肚)","HP+1000"
"2309","道具","炸蝦","HP+500,MP+500"
"2310","道具","糖葫蘆","MP+800"
"2311","道具","玉米","HP+800"
"2312","道具","黑輪竹串","MP+250"
"2313","道具","休閒椅","每10秒回復HP 50"
"2314","道具","寵物食品",""
"2315","道具","秘咒","藏有秘密的咒語，擁有巨大的力量。"
"2316","道具","紅色設計師椅","等級６，座在上面每１０秒會恢復HP 50"
"2317","道具","美味飼料","寵物可以吃的飼料"
"2318","道具","情人節巧克力籃","玩家死亡後不掉經驗值(專屬道具)"
"2319","道具","彎彎月亮","裝備等級 0，坐在上面每 10 秒會恢復 HP 和 MP 各 30"
"2320","道具","戀愛椅子","裝備等級 0，坐在上面每 10 秒會恢復 HP 和 MP 各 20"
"2321","道具","劍士寶座","裝備等級 0，坐在上面每 10 秒會恢復 HP 60，無法買賣與丟棄。"
"2322","道具","休菲凱曼的珠子","只限使用在休菲凱曼項鍊的珠子，最大HP+30,MP+30"
"2323","道具","速度藥水","3分鐘內移動速度+8"
"2324","道具","敏捷藥水","3分鐘內迴避率+5"
"2325","道具","魔力藥水","3分鐘內魔法攻擊力+5"
"2326","道具","攻擊藥水","3分鐘內攻擊力+5"
"2327","道具","命中藥水","3分鐘內命中率+5"
"2328","道具","強效魔力藥水","3分鐘內魔法攻擊力+10"
"2329","道具","速度藥丸","10分鐘內移動速度+10"
"2330","道具","敏捷藥丸","10分鐘內迴避率+10"
"2331","道具","魔力藥丸","10分鐘內魔法攻擊力+5"
"2332","道具","攻擊藥丸","10分鐘內攻擊力+5"
"2333","道具","命中藥丸","10分鐘內命中率+10"
"2334","道具","疼痛舒緩劑","30分鐘內物理防禦力+30"
"2335","道具","枯木樹液","5分鐘內魔法攻擊力+10"
"2336","道具","暴龍之血","5分鐘內攻擊力+8"
"2337","道具","暴龍之肉","5分鐘內物理防禦力+10"
"2338","道具","妖精的蜂蜜","5分鐘內迴避率+10"
"2339","道具","汽水","5分鐘內攻擊力+20,命中率-5 (點數商品)"
"2340","道具","章魚燒","5分鐘內攻擊力+10"
"2341","道具","加量章魚燒","5分鐘內攻擊力+20"
"2342","道具","日式炒麵","5分鐘內魔力加+10"
"2343","道具","雙份日式炒麵","5分鐘內魔力加+20"
"2344","道具","泡泡糖","2分鐘內跳躍力+15"
"2345","道具","棉花糖","5分鐘內魔法攻擊力+30"
"2346","道具","按摩精油","10分鐘內攻擊力+8"
"2347","道具","幼年龍的離乳食","20分鐘內攻擊力+7"
"2348","道具","紅色果實","10分鐘內攻擊力+8"
"2349","道具","藍色果實","10分鐘內魔法攻擊力+10"
"2350","道具","黑色果實","10分鐘內物理防禦+15"
"2351","道具","神秘的糖果","30分鐘內速度+20、跳躍力+15"
"2352","道具","蛇尾蔘湯","10分鐘內攻擊+6"
"2353","道具","醒目丸","10分鐘內命中+12"
"2354","道具","通明丸","10分鐘內魔攻+10"
"2355","道具","硬皮藥膏","10分鐘內迴避+10"
"2356","道具","仙桃果實",""
"2357","道具","蛇尾湯","15分鐘內攻擊力+8"
"2358","道具","青熊湯","15分鐘內命中率+10"
"2359","道具","神仙湯",""
"2360","道具","九靈龍的氣息","1小時內物理攻擊力+25, 魔力+35, 物理防禦力+150, 魔法防禦力+150"
"2361","道具","闇黑龍王遠征隊的勝利","1小時內物理攻擊力+30, 魔力+40, 物理防禦力+200, 魔法防禦力+200"
"2362","道具","烤起司","HP+500, MP+500, 30分鐘內物理防禦力+20"
"2363","道具","盜賊藥水","8 分鐘內命中率 +9, 迴避率 +15"
"2364","道具","劍士藥水","8 分鐘內物理攻擊力 +12"
"2365","道具","法師藥水","8 分鐘內魔法攻擊力 +20"
"2366","道具","弓箭手藥水","8 分鐘內迴避率 +20"
"2367","道具","楓糖水","HP + 80%, MP + 80%, 30分鐘內物理攻擊力 +2"
"2368","道具","葉片水晶","20 分鐘內提升物理攻擊力12、魔法攻擊力20、防禦力20、魔法防禦力20、迴避率8。"
"2369","道具","內部齒輪裝置戒指","8 分鐘內提升物理攻擊力8、魔法攻擊力15、物理防禦力12、魔法防禦力12。"
"2370","道具","異界藥水","HP + 90%, MP + 90%, 15分鐘內物理攻擊力 + 5, 防禦力 + 40"
"2371","道具","回家卷軸","返回最近城市，用一次即消失"
"2372","道具","維多利亞港卷軸","返回維多利亞港口，用一次即消失"
"2373","道具","勇士之村卷軸","返回勇士之村，用一次即消失"
"2374","道具","魔法森林卷軸","返回魔法森林，用一次即消失"
"2375","道具","弓箭手村卷軸","返回弓箭手村，用一次即消失"
"2376","道具","墮落城市卷軸","返回墮落城市，用一次即消失"
"2377","道具","奇幻村卷軸","返回奇幻村，用一次即消失"
"2378","道具","廢礦區卷軸","傳送至廢礦區，用一次即消失"
"2379","道具","天空之塔移動卷軸","往返天空之塔，用一次即消失"
"2380","道具","愛奧斯塔移動捲軸","往返愛奧斯塔，用一次即消失"
"2381","道具","魔法種子","在米納爾森林和魔法森林往返的魔法種子"
"2382","道具","指揮室移動膠囊","傳送至地球防衛部司令室，用一次即消失"
"2383","道具","玩具城移動膠囊","傳送至玩具城，用一次即消失"
"2384","道具","自由旅行卷","可免費來回黃金海岸。"
"2385","道具","101大道卷軸","能直接回到101大道的卷軸，用一次即消失"
"2386","道具","昭和村捲軸","能直接回到昭和村的卷軸，用一次即消失"
"2387","道具","鯨魚島回家捲軸","能直接回到鯨魚島的卷軸，用一次即消失"
"2388","道具","箭矢",""
"2389","道具","弩箭矢",""
"2390","道具","青銅弓箭","攻擊力+1"
"2391","道具","青銅弩箭","攻擊力+1"
"2392","道具","鋼鐵弓箭","攻擊力+2"
"2393","道具","鋼鐵弩箭","攻擊力+2"
"2394","道具","炎晶弓箭","攻擊力+4"
"2395","道具","冰晶弩箭","攻擊力+4"
"2396","道具","鑽石箭矢","攻擊力+4"
"2397","道具","鑽石弩箭","攻擊力+4"
"2398","道具","海星鏢","攻擊力+15,每組500單位"
"2399","道具","迴旋鏢","攻擊力+17,每組500單位"
"2400","道具","雪球","攻擊力+17,每組800單位"
"2401","道具","黑色利刃","攻擊力+19,每組700單位"
"2402","道具","木製陀螺","攻擊力+19,每組800單位"
"2403","道具","紙飛機","攻擊力+20,每組1,000單位"
"2404","道具","柿子","攻擊力+20,每組1,000單位"
"2405","道具","雪花鏢","攻擊力+21,每組500單位"
"2406","道具","冰柱","攻擊力+21,每組800單位"
"2407","道具","楓葉鏢","攻擊力+21,每組800單位"
"2408","道具","梅之鏢","攻擊力+23,每組1,000單位"
"2409","道具","雷之鏢","攻擊力+25,每組1,000單位"
"2410","道具","日之鏢","攻擊力+27,每組800單位"
"2411","道具","月牙鏢","攻擊力+27,每組800單位"
"2412","道具","槍手專用彈丸","等級限制:10,攻擊力+10,每組600單位"
"2413","道具","彈丸","等級限制:10,攻擊力+10,每組800單位"
"2414","道具","子彈","等級限制:30,攻擊力+12,每組1200單位"
"2415","道具","強力子彈","等級限制:50,攻擊力+14,每組1600單位"
"2416","道具","高等子彈","等級限制:70,攻擊力+16,每組2200單位"
"2417","道具","火焰膠囊","等級限制:70,攻擊力+16,每組800單位"
"2418","道具","寒冰膠囊","等級限制:70,攻擊力+16,每組800單位"
"2419","道具","~","等級限制:90,攻擊力+18,每組2600單位"
"2420","道具","~","等級限制:110,攻擊力+21,每組3000單位"
