"","name","description","imgurl.1..."
"1","流浪煉金術師","製作／合成道具的人物。","http://s1.heyxus.com/maple/custom/npc/np_a001.gif"
"2","史匹奈爾","世界旅遊小姐，幫玩家傳送去各特色地圖（日本、西門町、上海灘、泰國）。","http://s2.heyxus.com/maple/custom/npc/np_a003.gif"
"3","次元之門","玩家三轉過程的任務。","http://s3.heyxus.com/maple/custom/npc/np_a005.gif"
"4","司馬遷","被盜時裝備租用","http://s4.heyxus.com/maple/custom/npc/np_a007.gif"
"5","轉蛋機","只要有轉蛋卷(點數商品)，有機會可以轉出好裝備。","http://s5.heyxus.com/maple/custom/npc/np_a008.gif"
"6","篤伊","宅配人員，幫玩家把道具傳送給另一個角色。","http://s6.heyxus.com/maple/custom/npc/np_a009.gif"
"7","查理中士","","http://s7.heyxus.com/maple/custom/npc/np_e001.gif"
"8","利納斯","","http://s8.heyxus.com/maple/custom/npc/np_e008.gif"
"9","管家艾瑪","","http://s1.heyxus.com/maple/custom/npc/np_e010.gif"
"10","奈夫","製作／合成道具的人物。","http://s2.heyxus.com/maple/custom/npc/np_e011.gif"
"11","巴雅達","","http://s1.heyxus.com/maple/custom/npc/np_c003.gif"
"12","努瑪","","http://s2.heyxus.com/maple/custom/npc/np_c004.gif"
"13","比德元","","http://s3.heyxus.com/maple/custom/npc/np_c005.gif"
"14","空公","","http://s4.heyxus.com/maple/custom/npc/np_c006.gif"
"15","無憚","","http://s5.heyxus.com/maple/custom/npc/np_c007.gif"
"16","潘大爺","","http://s6.heyxus.com/maple/custom/npc/np_c009.gif"
"17","達淑","","http://s7.heyxus.com/maple/custom/npc/np_c011.gif"
"18","盧公","","http://s8.heyxus.com/maple/custom/npc/np_c012.gif"
"19","拉雅","","http://s1.heyxus.com/maple/custom/npc/np_c013.gif"
"20","道公","","http://s2.heyxus.com/maple/custom/npc/np_c014.gif"
"21","莉莉秀秀","","http://s3.heyxus.com/maple/custom/npc/np_c015.gif"
"22","太常","","http://s4.heyxus.com/maple/custom/npc/np_c016.gif"
"23","裘老頭","","http://s5.heyxus.com/maple/custom/npc/np_c018.gif"
"24","蕭元期","","http://s6.heyxus.com/maple/custom/npc/np_c019.gif"
"25","藍明","","http://s7.heyxus.com/maple/custom/npc/np_c021.gif"
"26","邱翁","","http://s8.heyxus.com/maple/custom/npc/np_c022.gif"
"27","查理中士","","http://s1.heyxus.com/maple/custom/npc/np_e001.gif"
"28","妖精克莉爾","","http://s2.heyxus.com/maple/custom/npc/np_e002.gif"
"29","麗莎","","http://s3.heyxus.com/maple/custom/npc/np_e003.gif"
"30","波達","","http://s4.heyxus.com/maple/custom/npc/np_e004.gif"
"31","馬堤呢","","http://s5.heyxus.com/maple/custom/npc/np_e005.gif"
"32","導遊修莉","","http://s6.heyxus.com/maple/custom/npc/np_e006.gif"
"33","米努","美髮師","http://s7.heyxus.com/maple/custom/npc/np_e007.gif"
"34","利納斯","","http://s8.heyxus.com/maple/custom/npc/np_e008.gif"
"35","未散中等兵","","http://s1.heyxus.com/maple/custom/npc/np_e009.gif"
"36","管家艾瑪","","http://s2.heyxus.com/maple/custom/npc/np_e010.gif"
"37","奈夫","製作／合成道具的人物。","http://s3.heyxus.com/maple/custom/npc/np_e011.gif"
"38","羅米","","http://s4.heyxus.com/maple/custom/npc/np_e012.gif"
"39","佛蘭斯","","http://s5.heyxus.com/maple/custom/npc/np_e013.gif"
"40","莉茲","","http://s6.heyxus.com/maple/custom/npc/np_e014.gif"
"41","艾利遜","","http://s7.heyxus.com/maple/custom/npc/np_e015.gif"
"42","阿爾馮絲小綠","","http://s8.heyxus.com/maple/custom/npc/np_e016.gif"
"43","史菲魯納","","http://s1.heyxus.com/maple/custom/npc/np_e017.gif"
"44","助手","","http://s2.heyxus.com/maple/custom/npc/np_e018.gif"
"45","伊吉上等兵","","http://s3.heyxus.com/maple/custom/npc/np_e019.gif"
"46","史卡圖勒","","http://s4.heyxus.com/maple/custom/npc/np_e020.gif"
"47","珀斯上尉","","http://s5.heyxus.com/maple/custom/npc/np_e021.gif"
"48","杰德","","http://s6.heyxus.com/maple/custom/npc/np_e022.gif"
"49","阿里可","","http://s7.heyxus.com/maple/custom/npc/np_e023.gif"
"50","羅貝亞","","http://s8.heyxus.com/maple/custom/npc/np_e024.gif"
"51","泰勒斯","","http://s1.heyxus.com/maple/custom/npc/np_e025.gif"
"52","蕾妮","","http://s2.heyxus.com/maple/custom/npc/np_e026.gif"
"53","高登","製作／合成道具的人物。","http://s3.heyxus.com/maple/custom/npc/np_e027.gif"
"54","亞凱斯特","","http://s4.heyxus.com/maple/custom/npc/np_e028.gif"
"55","伯堅","製作／合成道具的人物。","http://s5.heyxus.com/maple/custom/npc/np_e029.gif"
"56","巴伯下士","","http://s6.heyxus.com/maple/custom/npc/np_e030.gif"
"57","傑夫","","http://s7.heyxus.com/maple/custom/npc/np_e031.gif"
"58","格里巴","","http://s8.heyxus.com/maple/custom/npc/np_e032.gif"
"59","阿杜比斯","","http://s1.heyxus.com/maple/custom/npc/np_e033.gif"
"60","秀茲","","http://s2.heyxus.com/maple/custom/npc/np_e034.gif"
"61","納努克","","http://s3.heyxus.com/maple/custom/npc/np_e035.gif"
"62","妙斯","","http://s4.heyxus.com/maple/custom/npc/np_e036.gif"
"63","坎特","","http://s5.heyxus.com/maple/custom/npc/np_e037.gif"
"64","卡利","","http://s6.heyxus.com/maple/custom/npc/np_e038.gif"
"65","艾里亞斯","","http://s7.heyxus.com/maple/custom/npc/np_e039.gif"
"66","安納斯","","http://s8.heyxus.com/maple/custom/npc/np_e040.gif"
"67","傑拉斯","","http://s1.heyxus.com/maple/custom/npc/np_e041.gif"
"68","魯賓遜","","http://s2.heyxus.com/maple/custom/npc/np_e042.gif"
"69","太公","","http://s3.heyxus.com/maple/custom/npc/np_e043.gif"
"70","七南","","http://s4.heyxus.com/maple/custom/npc/np_e044.gif"
"71","七南家的稻穗","","http://s5.heyxus.com/maple/custom/npc/np_e045.gif"
"72","七誠","","http://s6.heyxus.com/maple/custom/npc/np_e046.gif"
"73","七誠家的稻穗","","http://s7.heyxus.com/maple/custom/npc/np_e047.gif"
"74","小日","","http://s8.heyxus.com/maple/custom/npc/np_e048.gif"
"75","小荳","","http://s1.heyxus.com/maple/custom/npc/np_e049.gif"
"76","石鐵","","http://s2.heyxus.com/maple/custom/npc/np_e050.gif"
"77","朴大爺","","http://s3.heyxus.com/maple/custom/npc/np_e051.gif"
"78","沈師銘","","http://s4.heyxus.com/maple/custom/npc/np_e052.gif"
"79","樂夫","","http://s5.heyxus.com/maple/custom/npc/np_e053.gif"
"80","蓮婆婆","","http://s6.heyxus.com/maple/custom/npc/np_e054.gif"
"81","墨鐵","","http://s7.heyxus.com/maple/custom/npc/np_e055.gif"
"82","興夫","","http://s8.heyxus.com/maple/custom/npc/np_e056.gif"
"83","燕子","","http://s1.heyxus.com/maple/custom/npc/np_e057.gif"
"84","懷茲","","http://s2.heyxus.com/maple/custom/npc/np_e058.gif"
"85","吉妮","","http://s3.heyxus.com/maple/custom/npc/np_e059.gif"
"86","菲特利沙","","http://s4.heyxus.com/maple/custom/npc/np_e060.gif"
"87","美由","美髮師","http://s5.heyxus.com/maple/custom/npc/np_e061.gif"
"88","咪尼","","http://s6.heyxus.com/maple/custom/npc/np_e062.gif"
"89","旅遊嚮導娜娜","","http://s7.heyxus.com/maple/custom/npc/np_e063.gif"
"90","艾伯","","http://s8.heyxus.com/maple/custom/npc/np_e064.gif"
"91","艾兒","","http://s1.heyxus.com/maple/custom/npc/np_e065.gif"
"92","哈利","","http://s2.heyxus.com/maple/custom/npc/np_e066.gif"
"93","東尼","","http://s3.heyxus.com/maple/custom/npc/np_e067.gif"
"94","馬賽爾","","http://s4.heyxus.com/maple/custom/npc/np_e068.gif"
"95","賽飛","","http://s5.heyxus.com/maple/custom/npc/np_e069.gif"
"96","海德","","http://s6.heyxus.com/maple/custom/npc/np_e070.gif"
"97","咪魯","","http://s7.heyxus.com/maple/custom/npc/np_e071.gif"
"98","米斯級","","http://s8.heyxus.com/maple/custom/npc/np_e072.gif"
"99","五嗔法師","","http://s1.heyxus.com/maple/custom/npc/np_e073.gif"
"100","吉納","","http://s2.heyxus.com/maple/custom/npc/np_e074.gif"
"101","尼爾","","http://s3.heyxus.com/maple/custom/npc/np_e075.gif"
"102","羽波","","http://s4.heyxus.com/maple/custom/npc/np_e076.gif"
"103","吉羅根","製作／合成道具的人物。","http://s5.heyxus.com/maple/custom/npc/np_e077.gif"
"104","蓓依","製作／合成道具的人物。","http://s6.heyxus.com/maple/custom/npc/np_e078.gif"
"105","柯林","","http://s7.heyxus.com/maple/custom/npc/np_e079.gif"
"106","棋高","製作／合成道具的人物。","http://s8.heyxus.com/maple/custom/npc/np_e080.gif"
"107","奈咪","","http://s1.heyxus.com/maple/custom/npc/np_e081.gif"
"108","派伊","製作／合成道具的人物。","http://s2.heyxus.com/maple/custom/npc/np_e082.gif"
"109","蒐集狂麥森","","http://s3.heyxus.com/maple/custom/npc/np_e083.gif"
"110","提根","","http://s4.heyxus.com/maple/custom/npc/np_e084.gif"
"111","秘密幹員","","http://s5.heyxus.com/maple/custom/npc/np_e085.gif"
"112","士兵克賓","","http://s6.heyxus.com/maple/custom/npc/np_e086.gif"
"113","萊斯","","http://s7.heyxus.com/maple/custom/npc/np_e087.gif"
"114","麥丁","","http://s8.heyxus.com/maple/custom/npc/np_e088.gif"
"115","麥斯將軍","","http://s1.heyxus.com/maple/custom/npc/np_e089.gif"
"116","鐵子","","http://s2.heyxus.com/maple/custom/npc/np_e090.gif"
"117","馬溫庭","","http://s3.heyxus.com/maple/custom/npc/np_e091.gif"
"118","庫保","","http://s4.heyxus.com/maple/custom/npc/np_e092.gif"
"119","派特","","http://s5.heyxus.com/maple/custom/npc/np_e093.gif"
"120","凱","","http://s6.heyxus.com/maple/custom/npc/np_e094.gif"
"121","史貝森","","http://s7.heyxus.com/maple/custom/npc/np_e095.gif"
"122","金博士","","http://s8.heyxus.com/maple/custom/npc/np_e096.gif"
"123","波特","","http://s1.heyxus.com/maple/custom/npc/np_e097.gif"
"124","黃熊戰士-依愛羅","","http://s2.heyxus.com/maple/custom/npc/np_e098.gif"
"125","粉紅戰士-濱棋","","http://s3.heyxus.com/maple/custom/npc/np_e099.gif"
"126","勳兒","","http://s4.heyxus.com/maple/custom/npc/np_e100.gif"
"127","綠虎戰士-格林","","http://s5.heyxus.com/maple/custom/npc/np_e101.gif"
"128","健兒","","http://s6.heyxus.com/maple/custom/npc/np_e102.gif"
"129","黑豹戰士-布拉克","","http://s7.heyxus.com/maple/custom/npc/np_e103.gif"
"130","外星人葛雷","","http://s8.heyxus.com/maple/custom/npc/np_e104.gif"
"131","神聖之石","","http://s1.heyxus.com/maple/custom/npc/np_e134.gif"
"132","奧拉","","http://s2.heyxus.com/maple/custom/npc/np_e135.gif"
"133","阿爾利","","http://s3.heyxus.com/maple/custom/npc/np_e136.gif"
"134","莉拉","","http://s4.heyxus.com/maple/custom/npc/np_e137.gif"
"135","阿們","","http://s5.heyxus.com/maple/custom/npc/np_e138.gif"
"136","倉庫老闆丁妮","","http://s6.heyxus.com/maple/custom/npc/np_e139.gif"
"137","被雪覆蓋的岩石","","http://s7.heyxus.com/maple/custom/npc/np_e140.gif"
"138","小墳墓","","http://s8.heyxus.com/maple/custom/npc/np_e141.gif"
"139","魔女卡勒塔","","http://s1.heyxus.com/maple/custom/npc/np_e143.gif"
"140","探險隊長坦克","","http://s2.heyxus.com/maple/custom/npc/np_e144.gif"
"141","石像的彈片","","http://s3.heyxus.com/maple/custom/npc/np_e145.gif"
"142","熔岩","","http://s4.heyxus.com/maple/custom/npc/np_e146.gif"
"143","四善法師","","http://s5.heyxus.com/maple/custom/npc/np_e147.gif"
"144","防具店老闆","","http://s6.heyxus.com/maple/custom/npc/np_e148.gif"
"145","武器店老闆","","http://s7.heyxus.com/maple/custom/npc/np_e149.gif"
"146","雜貨店老闆","","http://s8.heyxus.com/maple/custom/npc/np_e150.gif"
"147","倉庫武老闆","","http://s1.heyxus.com/maple/custom/npc/np_e151.gif"
"148","武器店老闆","","http://s2.heyxus.com/maple/custom/npc/np_e152.gif"
"149","防具店老闆","","http://s3.heyxus.com/maple/custom/npc/np_e153.gif"
"150","雜貨店老闆","","http://s4.heyxus.com/maple/custom/npc/np_e154.gif"
"151","雜貨商人芭德阿姨","","http://s5.heyxus.com/maple/custom/npc/np_e155.gif"
"152","倉庫魯老闆","","http://s6.heyxus.com/maple/custom/npc/np_e156.gif"
"153","妖精溫莉","","http://s7.heyxus.com/maple/custom/npc/np_e157.gif"
"154","邪摩斯","","http://s8.heyxus.com/maple/custom/npc/np_e160.gif"
"155","山神","","http://s1.heyxus.com/maple/custom/npc/np_e161.gif"
"156","樵夫","","http://s2.heyxus.com/maple/custom/npc/np_e162.gif"
"157","小蝶","","http://s3.heyxus.com/maple/custom/npc/np_e174.gif"
"158","小卓","","http://s4.heyxus.com/maple/custom/npc/np_e175.gif"
"159","燕赤俠","","http://s5.heyxus.com/maple/custom/npc/np_e176.gif"
"160","小菁","","http://s6.heyxus.com/maple/custom/npc/np_e177.gif"
"161","廠長卡霍","","http://s1.heyxus.com/maple/custom/npc/np_e105.gif"
"162","曾助教","","http://s2.heyxus.com/maple/custom/npc/np_e106.gif"
"163","漢斯","","http://s3.heyxus.com/maple/custom/npc/np_e107.gif"
"164","萊多","製作／合成道具的人物。","http://s4.heyxus.com/maple/custom/npc/np_e108.gif"
"165","麥克","","http://s5.heyxus.com/maple/custom/npc/np_e109.gif"
"166","洛基","","http://s6.heyxus.com/maple/custom/npc/np_e110.gif"
"167","掛鐘","","http://s7.heyxus.com/maple/custom/npc/np_e111.gif"
"168","托利","","http://s8.heyxus.com/maple/custom/npc/np_e112.gif"
"169","皮耶魯","","http://s1.heyxus.com/maple/custom/npc/np_e113.gif"
"170","福樂","","http://s2.heyxus.com/maple/custom/npc/np_e114.gif"
"171","幽靈獵人巴柏","","http://s3.heyxus.com/maple/custom/npc/np_e115.gif"
"172","巴倫","","http://s1.heyxus.com/maple/custom/npc/np_e116.gif"
"173","豪克","","http://s2.heyxus.com/maple/custom/npc/np_e117.gif"
"174","雕像","","http://s3.heyxus.com/maple/custom/npc/np_e142.gif"
"175","標示牌","","http://s1.heyxus.com/maple/custom/npc/np_e118.gif"
"176","玩具士兵迪布","","http://s2.heyxus.com/maple/custom/npc/np_e119.gif"
"177","玩具士兵果伸","","http://s3.heyxus.com/maple/custom/npc/np_e120.gif"
"178","不倒翁能手1","","http://s4.heyxus.com/maple/custom/npc/np_e121.gif"
"179","不倒翁能手2","","http://s5.heyxus.com/maple/custom/npc/np_e122.gif"
"180","迷路的士兵","","http://s6.heyxus.com/maple/custom/npc/np_e123.gif"
"181","不倒翁能手3","","http://s7.heyxus.com/maple/custom/npc/np_e124.gif"
"182","不倒翁能手4","","http://s8.heyxus.com/maple/custom/npc/np_e125.gif"
"183","不倒翁能手5","","http://s1.heyxus.com/maple/custom/npc/np_e126.gif"
"184","不倒翁能手6","","http://s2.heyxus.com/maple/custom/npc/np_e127.gif"
"185","彌爾格","","http://s3.heyxus.com/maple/custom/npc/np_e128.gif"
"186","不倒翁能手7","","http://s4.heyxus.com/maple/custom/npc/np_e129.gif"
"187","糖果機","","http://s5.heyxus.com/maple/custom/npc/np_e130.gif"
"188","不倒翁能手8","","http://s6.heyxus.com/maple/custom/npc/np_e131.gif"
"189","不倒翁能手9","","http://s7.heyxus.com/maple/custom/npc/np_e132.gif"
"190","不倒翁能手10","","http://s8.heyxus.com/maple/custom/npc/np_e133.gif"
"191","氣球1","","http://s1.heyxus.com/maple/custom/npc/np_e163.gif"
"192","氣球2","","http://s2.heyxus.com/maple/custom/npc/np_e164.gif"
"193","氣球3","","http://s3.heyxus.com/maple/custom/npc/np_e165.gif"
"194","氣球4","","http://s4.heyxus.com/maple/custom/npc/np_e166.gif"
"195","氣球5","","http://s5.heyxus.com/maple/custom/npc/np_e167.gif"
"196","氣球6","","http://s6.heyxus.com/maple/custom/npc/np_e168.gif"
"197","氣球7","","http://s7.heyxus.com/maple/custom/npc/np_e169.gif"
"198","氣球8","","http://s8.heyxus.com/maple/custom/npc/np_e170.gif"
"199","氣球9","","http://s1.heyxus.com/maple/custom/npc/np_e171.gif"
"200","氣球10","","http://s2.heyxus.com/maple/custom/npc/np_e172.gif"
"201","亞勒圖","","http://s3.heyxus.com/maple/custom/npc/np_e173.gif"
"202","菜依琳","","http://s1.heyxus.com/maple/custom/npc/np_f001.gif"
"203","孫燕珠","","http://s2.heyxus.com/maple/custom/npc/np_f002.gif"
"204","黃綠紅","","http://s3.heyxus.com/maple/custom/npc/np_f003.gif"
"205","王健民","","http://s4.heyxus.com/maple/custom/npc/np_f004.gif"
"206","周杰輪","","http://s5.heyxus.com/maple/custom/npc/np_f005.gif"
"207","豪哥","","http://s6.heyxus.com/maple/custom/npc/np_f006.gif"
"208","大當家","","http://s7.heyxus.com/maple/custom/npc/np_f007.gif"
"209","珍珍","","http://s8.heyxus.com/maple/custom/npc/np_f008.gif"
"210","邱品瑞","","http://s1.heyxus.com/maple/custom/npc/np_f009.gif"
"211","阿鳳","","http://s2.heyxus.com/maple/custom/npc/np_f010.gif"
"212","助理比比","","http://s3.heyxus.com/maple/custom/npc/np_f011.gif"
"213","杜亞詩","美髮師","http://s4.heyxus.com/maple/custom/npc/np_f012.gif"
"214","小貝","","http://s5.heyxus.com/maple/custom/npc/np_f013.gif"
"215","飾品攤販主人","","http://s6.heyxus.com/maple/custom/npc/np_f014.gif"
"216","賣口香糖少女","","http://s7.heyxus.com/maple/custom/npc/np_f015.gif"
"217","鬍鬚老張","","http://s8.heyxus.com/maple/custom/npc/np_f016.gif"
"218","阿勇伯","","http://s1.heyxus.com/maple/custom/npc/np_f017.gif"
"219","武器商人","武器商人。","http://s2.heyxus.com/maple/custom/npc/np_f035.gif"
"220","防具商人","防具商人。","http://s3.heyxus.com/maple/custom/npc/np_f036.gif"
"221","雜貨商人","雜貨商人。","http://s4.heyxus.com/maple/custom/npc/np_f037.gif"
"222","大隻佬","","http://s1.heyxus.com/maple/custom/npc/np_f018.gif"
"223","天芯","","http://s2.heyxus.com/maple/custom/npc/np_f019.gif"
"224","牛爾","","http://s3.heyxus.com/maple/custom/npc/np_f020.gif"
"225","仔仔","","http://s4.heyxus.com/maple/custom/npc/np_f021.gif"
"226","伊夫人","","http://s5.heyxus.com/maple/custom/npc/np_f022.gif"
"227","朱嘯天","","http://s6.heyxus.com/maple/custom/npc/np_f023.gif"
"228","吳健豪","","http://s7.heyxus.com/maple/custom/npc/np_f024.gif"
"229","奈奈","","http://s8.heyxus.com/maple/custom/npc/np_f025.gif"
"230","金成武","","http://s1.heyxus.com/maple/custom/npc/np_f026.gif"
"231","凱文","","http://s2.heyxus.com/maple/custom/npc/np_f027.gif"
"232","暴龍","","http://s3.heyxus.com/maple/custom/npc/np_f028.gif"
"233","鄭源暢","美髮師。","http://s4.heyxus.com/maple/custom/npc/np_f029.gif"
"234","蕭雅軒","","http://s5.heyxus.com/maple/custom/npc/np_f030.gif"
"235","菈菈","","http://s6.heyxus.com/maple/custom/npc/np_f031.gif"
"236","保管箱","倉庫管理","http://s7.heyxus.com/maple/custom/npc/np_f038.gif"
"237","塔塔曼","","http://s1.heyxus.com/maple/custom/npc/np_g001.gif"
"238","馬克斯","","http://s2.heyxus.com/maple/custom/npc/np_g002.gif"
"239","依托","","http://s3.heyxus.com/maple/custom/npc/np_g003.gif"
"240","亞可","","http://s4.heyxus.com/maple/custom/npc/np_g004.gif"
"241","馬蒂","","http://s5.heyxus.com/maple/custom/npc/np_g005.gif"
"242","寇斯庫","","http://s6.heyxus.com/maple/custom/npc/np_g006.gif"
"243","藩姆","","http://s7.heyxus.com/maple/custom/npc/np_g007.gif"
"244","庫摩","","http://s8.heyxus.com/maple/custom/npc/np_g008.gif"
"245","諾曼","","http://s1.heyxus.com/maple/custom/npc/np_g009.gif"
"246","摩伊拉","","http://s2.heyxus.com/maple/custom/npc/np_g010.gif"
"247","卡羅賓","","http://s3.heyxus.com/maple/custom/npc/np_g011.gif"
"248","摩斯","製作／合成道具的人物。","http://s4.heyxus.com/maple/custom/npc/np_g012.gif"
"249","騎士拉烏爾","","http://s5.heyxus.com/maple/custom/npc/np_g013.gif"
"250","漢摩尼亞","","http://s6.heyxus.com/maple/custom/npc/np_g015.gif"
"251","瑞吉爾","","http://s7.heyxus.com/maple/custom/npc/np_g016.gif"
"252","海倫","","http://s8.heyxus.com/maple/custom/npc/np_g017.gif"
"253","葛雷托","","http://s1.heyxus.com/maple/custom/npc/np_g018.gif"
"254","史萊","雜貨商人。","http://s2.heyxus.com/maple/custom/npc/np_g020.gif"
"255","百鳥警官","","http://s1.heyxus.com/maple/custom/npc/np_j001.gif"
"256","元泰","","http://s2.heyxus.com/maple/custom/npc/np_j002.gif"
"257","亞希子","","http://s3.heyxus.com/maple/custom/npc/np_j003.gif"
"258","目幕警官","","http://s4.heyxus.com/maple/custom/npc/np_j004.gif"
"259","受傷的貓","","http://s5.heyxus.com/maple/custom/npc/np_j005.gif"
"260","光夫人","","http://s6.heyxus.com/maple/custom/npc/np_j006.gif"
"261","嘉美","","http://s7.heyxus.com/maple/custom/npc/np_j007.gif"
"262","良太","","http://s8.heyxus.com/maple/custom/npc/np_j008.gif"
"263","波斯貓","","http://s1.heyxus.com/maple/custom/npc/np_j009.gif"
"264","陽子","","http://s2.heyxus.com/maple/custom/npc/np_j010.gif"
"265","灰源","","http://s3.heyxus.com/maple/custom/npc/np_j011.gif"
"266","美代子","","http://s4.heyxus.com/maple/custom/npc/np_j012.gif"
"267","新八","","http://s5.heyxus.com/maple/custom/npc/np_j013.gif"
"268","小優","","http://s6.heyxus.com/maple/custom/npc/np_j014.gif"
"269","由美","","http://s7.heyxus.com/maple/custom/npc/np_j015.gif"
"270","勇助","","http://s8.heyxus.com/maple/custom/npc/np_j016.gif"
"271","阿利博士","","http://s1.heyxus.com/maple/custom/npc/np_j017.gif"
"272","小嵐","","http://s2.heyxus.com/maple/custom/npc/np_j018.gif"
"273","黑澤","","http://s3.heyxus.com/maple/custom/npc/np_j019.gif"
"274","光晏","","http://s4.heyxus.com/maple/custom/npc/np_j020.gif"
"275","繪里香","","http://s5.heyxus.com/maple/custom/npc/np_j021.gif"
"276","伏特加","","http://s6.heyxus.com/maple/custom/npc/np_j022.gif"
"277","花子","","http://s7.heyxus.com/maple/custom/npc/np_j023.gif"
"278","本田","美髮師。","http://s8.heyxus.com/maple/custom/npc/np_j026.gif"
"279","健二","","http://s1.heyxus.com/maple/custom/npc/np_j027.gif"
"280","愛子","","http://s2.heyxus.com/maple/custom/npc/np_j028.gif"
"281","拿筷子的Npc","","http://s3.heyxus.com/maple/custom/npc/np_j029.gif"
"282","拿丸子的Npc","","http://s4.heyxus.com/maple/custom/npc/np_j030.gif"
"283","莎麗","","http://s1.heyxus.com/maple/custom/npc/np_m001.gif"
"284","希娜","","http://s2.heyxus.com/maple/custom/npc/np_m002.gif"
"285","羅傑","","http://s3.heyxus.com/maple/custom/npc/np_m003.gif"
"286","妮娜","","http://s4.heyxus.com/maple/custom/npc/np_m004.gif"
"287","桑","","http://s5.heyxus.com/maple/custom/npc/np_m005.gif"
"288","托德","","http://s6.heyxus.com/maple/custom/npc/np_m006.gif"
"289","彼特","","http://s7.heyxus.com/maple/custom/npc/np_m007.gif"
"290","桑姆","","http://s8.heyxus.com/maple/custom/npc/np_m008.gif"
"291","羅賓","","http://s1.heyxus.com/maple/custom/npc/np_m009.gif"
"292","麥加","","http://s2.heyxus.com/maple/custom/npc/np_m010.gif"
"293","瑪麗亞","","http://s3.heyxus.com/maple/custom/npc/np_m011.gif"
"294","比格斯","","http://s4.heyxus.com/maple/custom/npc/np_m012.gif"
"295","桑克斯","","http://s5.heyxus.com/maple/custom/npc/np_m013.gif"
"296","路卡斯","","http://s6.heyxus.com/maple/custom/npc/np_m014.gif"
"297","瑞恩","","http://s7.heyxus.com/maple/custom/npc/np_m015.gif"
"298","皮奧","","http://s8.heyxus.com/maple/custom/npc/np_m016.gif"
"299","白瑞德","","http://s1.heyxus.com/maple/custom/npc/np_m017.gif"
"300","珀爾","","http://s2.heyxus.com/maple/custom/npc/np_m018.gif"
"301","尤娜","","http://s3.heyxus.com/maple/custom/npc/np_m019.gif"
"302","防具店老闆","防具商人。","http://s4.heyxus.com/maple/custom/npc/np_m020.gif"
"303","武器店老闆","武器商人。","http://s5.heyxus.com/maple/custom/npc/np_m021.gif"
"304","雜貨店老闆","雜貨商人。","http://s6.heyxus.com/maple/custom/npc/np_m022.gif"
"305","包租婆","武器商人。","http://s1.heyxus.com/maple/custom/npc/np_s001.gif"
"306","包租公","防具商人。","http://s2.heyxus.com/maple/custom/npc/np_s002.gif"
"307","攝影師醬報","","http://s3.heyxus.com/maple/custom/npc/np_s003.gif"
"308","退休的明風","","http://s4.heyxus.com/maple/custom/npc/np_s004.gif"
"309","公安局長","","http://s5.heyxus.com/maple/custom/npc/np_s005.gif"
"310","如花","","http://s6.heyxus.com/maple/custom/npc/np_s006.gif"
"311","阿苺","","http://s7.heyxus.com/maple/custom/npc/np_s007.gif"
"312","蓮叔","","http://s8.heyxus.com/maple/custom/npc/np_s008.gif"
"313","紫瑕","","http://s1.heyxus.com/maple/custom/npc/np_s009.gif"
"314","青瑕","美髮師。","http://s2.heyxus.com/maple/custom/npc/np_s010.gif"
"315","高敬","","http://s3.heyxus.com/maple/custom/npc/np_s011.gif"
"316","甜在心","","http://s4.heyxus.com/maple/custom/npc/np_s012.gif"
"317","公安Ａ","","http://s5.heyxus.com/maple/custom/npc/np_s013.gif"
"318","公安Ｂ","","http://s6.heyxus.com/maple/custom/npc/np_s014.gif"
"319","公安Ｃ","","http://s7.heyxus.com/maple/custom/npc/np_s015.gif"
"320","公安Ｄ","","http://s8.heyxus.com/maple/custom/npc/np_s016.gif"
"321","芳","雜貨商人。","http://s1.heyxus.com/maple/custom/npc/np_s017.gif"
"322","西恩","","http://s1.heyxus.com/maple/custom/npc/np_t001.gif"
"323","隆利","","http://s2.heyxus.com/maple/custom/npc/np_t002.gif"
"324","傲慢兔","","http://s3.heyxus.com/maple/custom/npc/np_t003.gif"
"325","席琳","占卜","http://s4.heyxus.com/maple/custom/npc/np_t004.gif"
"326","克斯","","http://s5.heyxus.com/maple/custom/npc/np_t005.gif"
"327","德鳥","","http://s6.heyxus.com/maple/custom/npc/np_t006.gif"
"328","娜娜","","http://s7.heyxus.com/maple/custom/npc/np_t007.gif"
"329","隆迪","","http://s8.heyxus.com/maple/custom/npc/np_t008.gif"
"330","詹姆","","http://s1.heyxus.com/maple/custom/npc/np_t009.gif"
"331","米拉","","http://s2.heyxus.com/maple/custom/npc/np_t010.gif"
"332","恰吉","","http://s3.heyxus.com/maple/custom/npc/np_t011.gif"
"333","普魯托","","http://s4.heyxus.com/maple/custom/npc/np_t012.gif"
"334","沃莉亞","","http://s5.heyxus.com/maple/custom/npc/np_t013.gif"
"335","波恩","","http://s6.heyxus.com/maple/custom/npc/np_t014.gif"
"336","琳伊","","http://s7.heyxus.com/maple/custom/npc/np_t015.gif"
"337","沙美","","http://s8.heyxus.com/maple/custom/npc/np_t016.gif"
"338","安達絲","","http://s1.heyxus.com/maple/custom/npc/np_t017.gif"
"339","蛇蓮娜","","http://s2.heyxus.com/maple/custom/npc/np_t018.gif"
"340","史巴特","","http://s3.heyxus.com/maple/custom/npc/np_t019.gif"
"341","伊里亞德","","http://s4.heyxus.com/maple/custom/npc/np_t020.gif"
"342","坤","","http://s1.heyxus.com/maple/custom/npc/np_v001.gif"
"343","特奧","","http://s2.heyxus.com/maple/custom/npc/np_v002.gif"
"344","珍","","http://s3.heyxus.com/maple/custom/npc/np_v003.gif"
"345","約翰","","http://s4.heyxus.com/maple/custom/npc/np_v004.gif"
"346","江","","http://s5.heyxus.com/maple/custom/npc/np_v005.gif"
"347","百京","","http://s6.heyxus.com/maple/custom/npc/np_v006.gif"
"348","比爾","","http://s7.heyxus.com/maple/custom/npc/np_v007.gif"
"349","吉夫","","http://s8.heyxus.com/maple/custom/npc/np_v008.gif"
"350","佩森","","http://s1.heyxus.com/maple/custom/npc/np_v009.gif"
"351","智慧爺爺","","http://s2.heyxus.com/maple/custom/npc/np_v010.gif"
"352","武器商人","武器商人。","http://s3.heyxus.com/maple/custom/npc/np_v011.gif"
"353","防具商人","防具商人。","http://s4.heyxus.com/maple/custom/npc/np_v012.gif"
"354","雜貨商人","雜貨商人。","http://s5.heyxus.com/maple/custom/npc/np_v013.gif"
"355","拉爾","","http://s6.heyxus.com/maple/custom/npc/np_v014.gif"
"356","露爾","","http://s7.heyxus.com/maple/custom/npc/np_v015.gif"
"357","拜倫","","http://s8.heyxus.com/maple/custom/npc/np_v016.gif"
"358","麗爾","","http://s1.heyxus.com/maple/custom/npc/np_v017.gif"
"359","派申","","http://s2.heyxus.com/maple/custom/npc/np_v018.gif"
"360","傑伊","","http://s3.heyxus.com/maple/custom/npc/np_v019.gif"
"361","麗娜","","http://s4.heyxus.com/maple/custom/npc/np_v020.gif"
"362","布魯斯","","http://s5.heyxus.com/maple/custom/npc/np_v021.gif"
"363","瑪亞","","http://s6.heyxus.com/maple/custom/npc/np_v022.gif"
"364","卡密拉","","http://s7.heyxus.com/maple/custom/npc/np_v023.gif"
"365","明明夫人","","http://s8.heyxus.com/maple/custom/npc/np_v024.gif"
"366","長老坦斯","","http://s1.heyxus.com/maple/custom/npc/np_v025.gif"
"367","比休斯","製作／合成道具的人物。","http://s2.heyxus.com/maple/custom/npc/np_v026.gif"
"368","沃美妮","","http://s3.heyxus.com/maple/custom/npc/np_v028.gif"
"369","伯麗特","","http://s4.heyxus.com/maple/custom/npc/np_v029.gif"
"370","娜塔麗","","http://s5.heyxus.com/maple/custom/npc/np_v030.gif"
"371","黛瑪院長","","http://s6.heyxus.com/maple/custom/npc/np_v031.gif"
"372","差不多醫生","","http://s7.heyxus.com/maple/custom/npc/np_v032.gif"
"373","科洛伊","","http://s8.heyxus.com/maple/custom/npc/np_v033.gif"
"374","皮亞","","http://s1.heyxus.com/maple/custom/npc/np_v034.gif"
"375","達爾利","","http://s2.heyxus.com/maple/custom/npc/np_v035.gif"
"376","赫麗娜","","http://s3.heyxus.com/maple/custom/npc/np_v036.gif"
"377","凱茜","製作／合成道具的人物。","http://s4.heyxus.com/maple/custom/npc/np_v037.gif"
"378","巴羅德","","http://s5.heyxus.com/maple/custom/npc/np_v040.gif"
"379","弓箭手轉職教官","","http://s6.heyxus.com/maple/custom/npc/np_v041.gif"
"380","魯克","","http://s7.heyxus.com/maple/custom/npc/np_v042.gif"
"381","小安","","http://s8.heyxus.com/maple/custom/npc/np_v043.gif"
"382","猶塔","","http://s1.heyxus.com/maple/custom/npc/np_v044.gif"
"383","艾斯達","","http://s2.heyxus.com/maple/custom/npc/np_v045.gif"
"384","賽恩","","http://s3.heyxus.com/maple/custom/npc/np_v046.gif"
"385","易德","製作／合成道具的人物。","http://s4.heyxus.com/maple/custom/npc/np_v047.gif"
"386","妖精艾溫","製作／合成道具的人物。","http://s5.heyxus.com/maple/custom/npc/np_v048.gif"
"387","蓓蒂","","http://s6.heyxus.com/maple/custom/npc/np_v049.gif"
"388","妖精羅雯","","http://s7.heyxus.com/maple/custom/npc/np_v050.gif"
"389","妖精維英","","http://s8.heyxus.com/maple/custom/npc/np_v051.gif"
"390","漢斯","","http://s1.heyxus.com/maple/custom/npc/np_v052.gif"
"391","妖精瑪麗","","http://s2.heyxus.com/maple/custom/npc/np_v053.gif"
"392","法師轉職教官","","http://s3.heyxus.com/maple/custom/npc/np_v054.gif"
"393","修安","","http://s4.heyxus.com/maple/custom/npc/np_v055.gif"
"394","杉峰","","http://s5.heyxus.com/maple/custom/npc/np_v056.gif"
"395","溫斯頓","","http://s6.heyxus.com/maple/custom/npc/np_v057.gif"
"396","史密斯","製作／合成道具的人物。","http://s7.heyxus.com/maple/custom/npc/np_v058.gif"
"397","酋長","","http://s8.heyxus.com/maple/custom/npc/np_v059.gif"
"398","義安","","http://s1.heyxus.com/maple/custom/npc/np_v060.gif"
"399","辛德","製作／合成道具的人物。","http://s2.heyxus.com/maple/custom/npc/np_v061.gif"
"400","麥吉","","http://s3.heyxus.com/maple/custom/npc/np_v062.gif"
"401","索非亞","","http://s4.heyxus.com/maple/custom/npc/np_v063.gif"
"402","武術教練","","http://s5.heyxus.com/maple/custom/npc/np_v064.gif"
"403","武器店老闆","武器商人。","http://s6.heyxus.com/maple/custom/npc/np_v065.gif"
"404","防具店老闆","防具商人。","http://s7.heyxus.com/maple/custom/npc/np_v066.gif"
"405","雜貨店老闆","雜貨商人。","http://s8.heyxus.com/maple/custom/npc/np_v067.gif"
"406","麥克","","http://s1.heyxus.com/maple/custom/npc/np_v068.gif"
"407","劍士轉職教官","","http://s2.heyxus.com/maple/custom/npc/np_v069.gif"
"408","盜賊轉職教官","","http://s3.heyxus.com/maple/custom/npc/np_v070.gif"
"409","神秘的女孩","","http://s4.heyxus.com/maple/custom/npc/np_v071.gif"
"410","克利思","製作／合成道具的人物。","http://s5.heyxus.com/maple/custom/npc/np_v072.gif"
"411","伊卡路斯","","http://s6.heyxus.com/maple/custom/npc/np_v073.gif"
"412","內拉","","http://s7.heyxus.com/maple/custom/npc/np_v074.gif"
"413","阿勒斯","","http://s8.heyxus.com/maple/custom/npc/np_v075.gif"
"414","達克魯","","http://s1.heyxus.com/maple/custom/npc/np_v076.gif"
"415","休咪","","http://s2.heyxus.com/maple/custom/npc/np_v077.gif"
"416","後街吉姆","製作／合成道具的人物。","http://s3.heyxus.com/maple/custom/npc/np_v078.gif"
"417","拉克里斯","","http://s4.heyxus.com/maple/custom/npc/np_v079.gif"
"418","安德里亞","","http://s5.heyxus.com/maple/custom/npc/np_v080.gif"
"419","權達開","","http://s6.heyxus.com/maple/custom/npc/np_v081.gif"
"420","杜卡斯","","http://s7.heyxus.com/maple/custom/npc/np_v082.gif"
"421","千吉","","http://s8.heyxus.com/maple/custom/npc/np_v083.gif"
"422","洛尼","","http://s1.heyxus.com/maple/custom/npc/np_v090.gif"
"423","遺跡發掘隊佈告欄","","http://s2.heyxus.com/maple/custom/npc/np_v095.gif"
"424","留言板","","http://s3.heyxus.com/maple/custom/npc/np_v096.gif"
"425","地鐵站服務員","","http://s4.heyxus.com/maple/custom/npc/np_v098.gif"
"426","剪票口","","http://s5.heyxus.com/maple/custom/npc/np_v099.gif"
"427","武器店老闆","武器商人。","http://s6.heyxus.com/maple/custom/npc/np_v102.gif"
"428","防具店老闆","防具商人。","http://s7.heyxus.com/maple/custom/npc/np_v103.gif"
"429","雜貨店老闆","雜貨商人。","http://s8.heyxus.com/maple/custom/npc/np_v104.gif"
"430","武器店老闆","武器商人。","http://s1.heyxus.com/maple/custom/npc/np_v107.gif"
"431","防具店老闆","防具商人。","http://s2.heyxus.com/maple/custom/npc/np_v108.gif"
"432","雜貨店老闆","雜貨商人。","http://s3.heyxus.com/maple/custom/npc/np_v109.gif"
"433","錢老闆","美髮師。","http://s4.heyxus.com/maple/custom/npc/np_v110.gif"
"434","倉庫洪老闆","倉庫老闆。","http://s5.heyxus.com/maple/custom/npc/np_v111.gif"
"435","武器店老闆","武器商人。","http://s6.heyxus.com/maple/custom/npc/np_v112.gif"
"436","防具店老闆","防具商人。","http://s7.heyxus.com/maple/custom/npc/np_v113.gif"
"437","雜貨店老闆","雜貨商人。","http://s8.heyxus.com/maple/custom/npc/np_v114.gif"
"438","倉庫王老闆","倉庫老闆。","http://s1.heyxus.com/maple/custom/npc/np_v115.gif"
"439","三情法師","","http://s2.heyxus.com/maple/custom/npc/np_v118.gif"
"440","菇菇寶貝","","http://s3.heyxus.com/maple/custom/npc/np_v119.gif"
"441","艾摩斯","","http://s4.heyxus.com/maple/custom/npc/np_v120.gif"
"442","克利斯拉瑪","製作／合成道具的人物。","http://s1.heyxus.com/maple/custom/npc/np_v084.gif"
"443","薩比特拉瑪","製作／合成道具的人物。","http://s2.heyxus.com/maple/custom/npc/np_v085.gif"
"444","２４小時排擋","雜貨商人。","http://s3.heyxus.com/maple/custom/npc/np_v086.gif"
"445","泰實夫","雜貨商人。","http://s4.heyxus.com/maple/custom/npc/np_v087.gif"
"446","旅館老闆娘","","http://s5.heyxus.com/maple/custom/npc/np_v088.gif"
"447","奇怪的石像","","http://s6.heyxus.com/maple/custom/npc/np_v089.gif"
"448","葛溫","","http://s7.heyxus.com/maple/custom/npc/np_v101.gif"
"449","無意義存在者","","http://s8.heyxus.com/maple/custom/npc/np_v116.gif"
"450","記憶者","","http://s1.heyxus.com/maple/custom/npc/np_v117.gif"
"451","羅貝特四世","神父","http://s1.heyxus.com/maple/custom/npc/np_w001.gif"
"452","克羅倫斯","結婚禮堂幫手","http://s2.heyxus.com/maple/custom/npc/np_w002.gif"
"453","瑪格麗特","結婚禮堂幫手","http://s3.heyxus.com/maple/custom/npc/np_w003.gif"
"454","安傑力克","結婚禮物管理人","http://s4.heyxus.com/maple/custom/npc/np_w004.gif"
"455","撒勒曼","美髮師。","http://s5.heyxus.com/maple/custom/npc/np_w005.gif"
"456","席摩士","","http://s6.heyxus.com/maple/custom/npc/np_w006.gif"
"457","圖特拉","","http://s7.heyxus.com/maple/custom/npc/np_w007.gif"
"458","莎卡哈","","http://s8.heyxus.com/maple/custom/npc/np_w008.gif"
"459","珮莉斯","","http://s1.heyxus.com/maple/custom/npc/np_w009.gif"
"460","文森","","http://s2.heyxus.com/maple/custom/npc/np_w010.gif"
"461","菲拉","","http://s3.heyxus.com/maple/custom/npc/np_w011.gif"
"462","傑伊克","交換結?戒指","http://s4.heyxus.com/maple/custom/npc/np_w012.gif"
"463","慕尼","戒指製作匠","http://s5.heyxus.com/maple/custom/npc/np_w013.gif"
"464","R.J","倉庫管理人","http://s1.heyxus.com/maple/custom/npc/np_z001.gif"
"465","艾斯比亞德 史林姆","新葉城市長","http://s2.heyxus.com/maple/custom/npc/np_z002.gif"
"466","莉塔 羅莉絲","","http://s3.heyxus.com/maple/custom/npc/np_z003.gif"
"467","米琪","雜貨商人","http://s4.heyxus.com/maple/custom/npc/np_z004.gif"
"468","福斯魏德 教授","","http://s5.heyxus.com/maple/custom/npc/np_z006.gif"
"469","蒙面 傑克","","http://s6.heyxus.com/maple/custom/npc/np_z007.gif"
"470","凱爾","武器商人","http://s7.heyxus.com/maple/custom/npc/np_z008.gif"
"471","戴爾菲","防具商人","http://s8.heyxus.com/maple/custom/npc/np_z009.gif"
"472","艾爾潘 葛拉博","","http://s1.heyxus.com/maple/custom/npc/np_z010.gif"
"473","曼妮","首席髮型設計師","http://s2.heyxus.com/maple/custom/npc/np_z011.gif"
"474","艾瑞","美容院助理","http://s3.heyxus.com/maple/custom/npc/np_z012.gif"
"475","米蘭達","","http://s4.heyxus.com/maple/custom/npc/np_z013.gif"
"476","蘭斯","","http://s5.heyxus.com/maple/custom/npc/np_z014.gif"
"477","杰克","","http://s6.heyxus.com/maple/custom/npc/np_z015.gif"
"478","月長石 墓穴","","http://s7.heyxus.com/maple/custom/npc/np_z016.gif"
"479","日見石 墓穴","","http://s8.heyxus.com/maple/custom/npc/np_z017.gif"
"480","墓碑","","http://s1.heyxus.com/maple/custom/npc/np_z018.gif"
"481","強 貝瑞加德","","http://s2.heyxus.com/maple/custom/npc/np_z019.gif"
"482","尤莉亞","限定任務","http://s1.heyxus.com/maple/custom/npc/np_a012.gif"
"483","亞丁","整型外科醫生","http://s2.heyxus.com/maple/custom/npc/np_n002.gif"
"484","亞廷","","http://s3.heyxus.com/maple/custom/npc/np_n003.gif"
"485","仲介商","","http://s4.heyxus.com/maple/custom/npc/np_n004.gif"
"486","休曼諾伊德","","http://s5.heyxus.com/maple/custom/npc/np_n005.gif"
"487","勒塞倫","","http://s6.heyxus.com/maple/custom/npc/np_n007.gif"
"488","卡勒奇沙","","http://s7.heyxus.com/maple/custom/npc/np_n008.gif"
"489","卡森","蒙特鳩會協長","http://s8.heyxus.com/maple/custom/npc/np_n009.gif"
"490","可疑男子","","http://s1.heyxus.com/maple/custom/npc/np_n010.gif"
"491","吉優勒","","http://s2.heyxus.com/maple/custom/npc/np_n011.gif"
"492","哲利","雜貨商人","http://s3.heyxus.com/maple/custom/npc/np_n012.gif"
"493","巴伊倫","","http://s4.heyxus.com/maple/custom/npc/np_n013.gif"
"494","巴德魯","","http://s5.heyxus.com/maple/custom/npc/np_n014.gif"
"495","拉伊拉","護膚管理師","http://s6.heyxus.com/maple/custom/npc/np_n015.gif"
"496","提肯","","http://s7.heyxus.com/maple/custom/npc/np_n016.gif"
"497","派登","","http://s8.heyxus.com/maple/custom/npc/np_n019.gif"
"498","琪妮","","http://s1.heyxus.com/maple/custom/npc/np_n020.gif"
"499","米奇里","","http://s2.heyxus.com/maple/custom/npc/np_n021.gif"
"500","艾里斯卡","","http://s3.heyxus.com/maple/custom/npc/np_n022.gif"
"501","莫哈默德","物品製造者","http://s4.heyxus.com/maple/custom/npc/np_n023.gif"
"502","菲莉亞","","http://s5.heyxus.com/maple/custom/npc/np_n024.gif"
"503","西琳","","http://s6.heyxus.com/maple/custom/npc/np_n025.gif"
"504","阿赫瑪德","","http://s7.heyxus.com/maple/custom/npc/np_n026.gif"
"505","麥德","卡帕萊特協會長","http://s8.heyxus.com/maple/custom/npc/np_n028.gif"
"506","菇菇博士","英文村村長","http://s1.heyxus.com/maple/custom/npc/np_n029.gif"
"507","雅斯敏","防具商人","http://s2.heyxus.com/maple/custom/npc/np_n030.gif"
"508","沙吉達","雜貨商人","http://s3.heyxus.com/maple/custom/npc/np_n031.gif"
"509","莎堤","美容院助理","http://s4.heyxus.com/maple/custom/npc/np_n034.gif"
"510","馬茲拉","美容院長","http://s5.heyxus.com/maple/custom/npc/np_n035.gif"
"511","渣伊德","武器商人","http://s6.heyxus.com/maple/custom/npc/np_n036.gif"
"512","小王子","","http://s7.heyxus.com/maple/custom/npc/np_n041.gif"
"513","查理斯 (charlus)","","http://s1.heyxus.com/maple/custom/npc/np_v145.gif"
"514","發光石 (shinestone)","","http://s2.heyxus.com/maple/custom/npc/np_v146.gif"
"515","卡伊琳 (kailin)","","http://s3.heyxus.com/maple/custom/npc/np_v147.gif"
"516","盲俠","","http://s4.heyxus.com/maple/custom/npc/np_v148.gif"
